-- MySQL dump 10.13  Distrib 5.7.18, for Win64 (x86_64)
--
-- Host: localhost    Database: coap_master
-- ------------------------------------------------------
-- Server version	5.7.18

/*!40101 SET @OLD_CHARACTER_SET_CLIENT=@@CHARACTER_SET_CLIENT */;
/*!40101 SET @OLD_CHARACTER_SET_RESULTS=@@CHARACTER_SET_RESULTS */;
/*!40101 SET @OLD_COLLATION_CONNECTION=@@COLLATION_CONNECTION */;
/*!40101 SET NAMES utf8 */;
/*!40103 SET @OLD_TIME_ZONE=@@TIME_ZONE */;
/*!40103 SET TIME_ZONE='+00:00' */;
/*!40014 SET @OLD_UNIQUE_CHECKS=@@UNIQUE_CHECKS, UNIQUE_CHECKS=0 */;
/*!40014 SET @OLD_FOREIGN_KEY_CHECKS=@@FOREIGN_KEY_CHECKS, FOREIGN_KEY_CHECKS=0 */;
/*!40101 SET @OLD_SQL_MODE=@@SQL_MODE, SQL_MODE='NO_AUTO_VALUE_ON_ZERO' */;
/*!40111 SET @OLD_SQL_NOTES=@@SQL_NOTES, SQL_NOTES=0 */;

--
-- Dumping data for table `AD_PRIVILEGE`
--

LOCK TABLES `AD_PRIVILEGE` WRITE;
/*!40000 ALTER TABLE `AD_PRIVILEGE` DISABLE KEYS */;
/*!40000 ALTER TABLE `AD_PRIVILEGE` ENABLE KEYS */;
UNLOCK TABLES;

--
-- Dumping data for table `AD_ROLE_PRIVILEGE_MAPPING`
--

LOCK TABLES `AD_ROLE_PRIVILEGE_MAPPING` WRITE;
/*!40000 ALTER TABLE `AD_ROLE_PRIVILEGE_MAPPING` DISABLE KEYS */;
/*!40000 ALTER TABLE `AD_ROLE_PRIVILEGE_MAPPING` ENABLE KEYS */;
UNLOCK TABLES;

--
-- Dumping data for table `AD_RULE`
--

LOCK TABLES `AD_RULE` WRITE;
/*!40000 ALTER TABLE `AD_RULE` DISABLE KEYS */;
/*!40000 ALTER TABLE `AD_RULE` ENABLE KEYS */;
UNLOCK TABLES;

--
-- Dumping data for table `AD_TOKEN`
--

LOCK TABLES `AD_TOKEN` WRITE;
/*!40000 ALTER TABLE `AD_TOKEN` DISABLE KEYS */;
/*!40000 ALTER TABLE `AD_TOKEN` ENABLE KEYS */;
UNLOCK TABLES;

--
-- Dumping data for table `ad_user`
--

LOCK TABLES `AD_USER` WRITE;
/*!40000 ALTER TABLE `AD_USER` DISABLE KEYS */;
/*!40000 ALTER TABLE `AD_USER` ENABLE KEYS */;
UNLOCK TABLES;

--
-- Dumping data for table `AD_USER_role`
--

LOCK TABLES `AD_USER_ROLE` WRITE;
/*!40000 ALTER TABLE `AD_USER_ROLE` DISABLE KEYS */;
/*!40000 ALTER TABLE `AD_USER_ROLE` ENABLE KEYS */;
UNLOCK TABLES;

--
-- Dumping data for table `AD_USER_ROLE_MAPPING`
--

LOCK TABLES `AD_USER_ROLE_MAPPING` WRITE;
/*!40000 ALTER TABLE `AD_USER_ROLE_MAPPING` DISABLE KEYS */;
/*!40000 ALTER TABLE `AD_USER_ROLE_MAPPING` ENABLE KEYS */;
UNLOCK TABLES;


--
-- Dumping data for table `cf_data_source`
--

LOCK TABLES `CF_DATA_SOURCE` WRITE;
/*!40000 ALTER TABLE `CF_DATA_SOURCE` DISABLE KEYS */;
INSERT INTO `CF_DATA_SOURCE` VALUES (1,'SCOM'),(2,'APPDYN'),(3,'WSP');
/*!40000 ALTER TABLE `CF_DATA_SOURCE` ENABLE KEYS */;
UNLOCK TABLES;

--
-- Dumping data for table `CF_DATA_TYPE`
--

LOCK TABLES `CF_DATA_TYPE` WRITE;
/*!40000 ALTER TABLE `CF_DATA_TYPE` DISABLE KEYS */;
INSERT INTO `CF_DATA_TYPE` VALUES (1,'SCOM_ALERT','','SA','TestEntity','test_table',1),(2,'SCOM_METRIC','\0','SM','TestEntity','test_table',1),(3,'APPDYN_ALERT','','AD','TestEntity','test_table',2),(4,'WSP_STATISTIC','','WP','TestEntity','test_table',3);
/*!40000 ALTER TABLE `CF_DATA_TYPE` ENABLE KEYS */;
UNLOCK TABLES;



--
-- Dumping data for table `MD_ALERT`
--

LOCK TABLES `MD_ALERT` WRITE;
/*!40000 ALTER TABLE `MD_ALERT` DISABLE KEYS */;
INSERT INTO `MD_ALERT` VALUES (1,'[Warning] A member was removed from a security-enabled local group.','AMBER',1),(2,'Agent update that is required for IIS 7 monitoring is not installed','AMBER',1),(3,'API Remoting Web Service','AMBER',1),(4,'APM DataSource is not able to communicate with the APM service','AMBER',1),(5,'Cannot open backup device.','AMBER',1),(6,'CIO.App.4230.ISeGRC.RSAServices.RSAArcherJobEngine','AMBER',1),(7,'Cluster network failed.','RED',1),(8,'Cluster node network connectivity problem detected','RED',1),(9,'CommonDemand NSB Subscriber Service Stopped','AMBER',1),(10,'ConfigMgr 2007 Crash Dumps: SMS Executive crash','AMBER',1),(11,'ConfigMgr 2007 Perf Threshold: Site Server Scheduler Jobs Backlog > 10,000 over 3 hours','AMBER',1),(12,'ConfigMgr 2007 Site Database Server Health: Script error','AMBER',1),(13,'Controller connection monitor','AMBER',1),(14,'Data Warehouse data set enumeration process failed to obtain list of data sets','AMBER',1),(15,'Data Warehouse managed object type synchronization process failed to read state','AMBER',1),(16,'EM Test Alert - Critical SQL','AMBER',1),(17,'Event handler failed to load','AMBER',1),(18,'Failed to Connect to Computer','RED',1),(19,'Failed to open primary database file','AMBER',1),(20,'File group is running out of space','AMBER',1),(21,'Health Service Heartbeat Failure','AMBER',1),(22,'Host memory usage (Warning)','AMBER',1),(23,'HP Insight Server Agents failed.','AMBER',1),(24,'IIS 7 FTP Site is unavailable','AMBER',1),(25,'Inbound Queue Backlog','AMBER',1),(26,'Management Point HINV Outbox backlog alert','AMBER',1),(27,'ManagemyRecords  - TRIMIDOLContent1 Service Monitor','AMBER',1),(28,'Many Corrupt or Unreadable Windows Events','AMBER',1),(29,'Memory Pages Per Second is too High.','AMBER',1),(30,'Microsoft.SQLServer.2012.AlwaysOn.AvailabilityGroupOnline','RED',1),(31,'Microsoft.SQLServer.2014.AlwaysOn.AvailabilityReplicaIsConnected','RED',1),(32,'MSSQL 2014: Log Backup Failed to Complete','AMBER',1),(33,'MSSQL 2014: Log files are running out of space','AMBER',1),(34,'MSSQL 2014: SQL Server Integration Services Windows Service Stopped','AMBER',1),(35,'Network Devices are in pending management','AMBER',1),(36,'One or more cluster disk volumes may be corrupt','AMBER',1),(37,'PA.Processors.Teams Service is stopped','AMBER',1),(38,'Replication: agent failed','AMBER',1),(39,'Self Update','AMBER',1),(40,'SharePoint: Ping To Web Application Failed','AMBER',1),(41,'SQL Connection State','AMBER',1),(42,'SQL Server Analysis Services Windows Stopped','AMBER',1),(43,'SQL Server Port on Firewall Not Open','AMBER',1),(44,'The database cryptographic key could not be loaded','AMBER',1),(45,'The Windows SharePoint Services Timer service State','AMBER',1),(46,'Web Service Content','AMBER',1),(47,'Alert Message For Cluster State Connect Status Monitor','AMBER',1),(48,'Alert Parameter Replacement Failure','AMBER',1),(49,'Available Megabytes of Memory is too low','AMBER',1),(50,'Cannot resolve Hostname','AMBER',1),(51,'ConfigMgr 2007 State Message Summary Tasks: Script error','AMBER',1),(52,'ConfigMgr 2007 Status: Distribution Manager failed to access the source directory for a package','AMBER',1),(53,'Database Out of Space','AMBER',1),(54,'Discovery Data Mapper Module Failed Initialization','AMBER',1),(55,'Drive Array Physical Drive degraded.','AMBER',1),(56,'Failed to load index','AMBER',1),(57,'Host error (Critical)','AMBER',1),(58,'IIS 7 Web Server is unavailable','RED',1),(59,'Logical Logical Disk current queue length is too high','AMBER',1),(60,'Module registration error detected (module returned an error during registration)','AMBER',1),(61,'MSSQL 2014: Checksum failure while page in cache','AMBER',1),(62,'MSSQL 2014: Could not allocate new page for database. There are no more pages available in filegroup.','AMBER',1),(63,'MSSQL 2014: Failure occurred during database recovery','AMBER',1),(64,'MSSQL 2014: SQL Server cannot authenticate using Kerberos because the Service Principal Name (SPN) is missing, misplaced, or duplicated.','AMBER',1),(65,'Object Health State data collection process unable to write data to the Data Warehouse','AMBER',1),(66,'Operations Manager Failed to Access the Windows Event Log','AMBER',1),(67,'Search Services: Service Is Not Running','AMBER',1),(68,'SharePoint: Database Not Found','AMBER',1),(69,'SharePoint: SPHA Configuration Rule Monitor Detects Failure','AMBER',1),(70,'Site Synch failed','AMBER',1),(71,'Site System Status Summarizer Not Available','AMBER',1),(72,'TCP/IP NetBIOS Service Stopped','AMBER',1),(73,'TFS Work Item Synchronization creation workflow alert','AMBER',1),(74,'The Microsoft Single Sign-on Service State','AMBER',1),(75,'The Office SharePoint Server Search Service State','AMBER',1),(76,'Total CPU Utilization Percentage is too high','AMBER',1),(77,'Updates Install','AMBER',1),(78,'UserProfile Service: Timer Job Failed','AMBER',1),(79,'WAS is stopping because it encountered an error','AMBER',1),(80,'WSUS Services Not Running','AMBER',1),(81,'WSUS Synchronization Manager Not Available','AMBER',1),(82,'Alert subscription data source module encountered errors while running','AMBER',1),(83,'An error occurred while the query log table was being created','AMBER',1),(84,'Application Pool disabled due to worker process failure','AMBER',1),(85,'Asset Intelligence Catalog Synchronization Failure','AMBER',1),(86,'Availability Group is not ready for automatic failover','AMBER',1),(87,'Available Megabytes Swap Space is too low','AMBER',1),(88,'BizTalk Server: Availability Monitor raised an Error on BAM Star Schema Database','AMBER',1),(89,'BizTalk Server: Availability Monitor raised an Error on BizTalk Business Rule Engine Database','AMBER',1),(90,'Central Site to Primary Site Global Data Sending Not Working','AMBER',1),(91,'CIO.App.4041.E2E.MMSListener.Monitoring.Service','AMBER',1),(92,'ConfigMgr 2007 Crash Dumps: Monitoring SMS Executive script error','AMBER',1),(93,'Content Directory Disk Space','AMBER',1),(94,'Could not allocate space for object  in database  because the  filegroup is full','AMBER',1),(95,'Data Warehouse configuration synchronization process failed to write data','AMBER',1),(96,'Data Warehouse failed to enumerate database components to be deployed','AMBER',1),(97,'Data Warehouse failed to request a list of management packs from SQL RS server','AMBER',1),(98,'Deployment Status Summarizer Not Available','AMBER',1),(99,'DSM Event Manager Stopped','AMBER',1),(100,'Enterprise Content Management: Enterprise Managed Metadata Service Is Inaccessible','AMBER',1),(101,'EventID64 - Certificate Expiry Alert','AMBER',1),(102,'Exception occurred whilst connecting to Analysis Services','AMBER',1),(103,'Exception thrown during commit of AMO transaction to Analysis Services','AMBER',1),(104,'Expression Filter Module Failed Initialization','AMBER',1),(105,'Failed to Check for Password Expiration on RunAs Account','AMBER',1),(106,'Failed to perform Web Application discovery','AMBER',1),(107,'Failed to send notification','AMBER',1),(108,'Host connection failure (Critical)','AMBER',1),(109,'Management Point Control Manager Not Available','AMBER',1),(110,'Max Concurrent API Reached alert','AMBER',1),(111,'Microsoft.SQLServer.2014.AlwaysOn.AvailabilityGroupOnline','AMBER',1),(112,'MSSQL 2014: Database backup should be performed','AMBER',1),(113,'MSSQL 2014: Stolen Server Memory is too high','AMBER',1),(114,'MSSQL 2014: The log for database is not available','AMBER',1),(115,'Network Interface or NIC Teaming failed.','AMBER',1),(116,'NLB driver has detected one or more sessions corresponding to a port rule that is improperly configured','AMBER',1),(117,'NTFS - File System Corrupt','AMBER',1),(118,'NTFS reported the logical disk is in error or corrupt.','AMBER',1),(119,'Power Shell Script failed to run','AMBER',1),(120,'Power sub-system degraded or failed.','AMBER',1),(121,'QlikView Distribution Service is stopped','AMBER',1),(122,'Resource Pool Heartbeat Failure','AMBER',1),(123,'Run As Account Cannot Log On Locally','AMBER',1),(124,'Service Stopped','AMBER',1),(125,'SMSExec Windows Service Not Running','AMBER',1),(126,'SQL Reporting Service Not Running','AMBER',1),(127,'SQL Server I/O Request Time Out - Event ID 833','AMBER',1),(128,'SQLServerAgent could not be started','RED',1),(129,'The configuration file could not be saved','AMBER',1),(130,'The directory specified for caching compressed content is invalid','AMBER',1),(131,'Windows 2008 SMTP Virtual Server is Unavailable.','AMBER',1),(132,'Windows Server 2012 NTFS File System Corrupt','AMBER',1),(133,'WMI is unhealthy','AMBER',1),(134,'Accenture.SNP.Publisher service is stopped','AMBER',1),(135,'An error occurred while starting the query log','AMBER',1),(136,'An SQL job failed to complete successfully','AMBER',1),(137,'APM Write Action Failed to Submit an Event to the Database','AMBER',1),(138,'Application Pool identity is invalid','AMBER',1),(139,'ASP application error occurred','AMBER',1),(140,'Availability Group is offline','AMBER',1),(141,'Blocked Session(s)','AMBER',1),(142,'CIO.App.3729.AP5568.SuscriberService.Suscriber','AMBER',1),(143,'CIO.App.4592.SolutionPricing.CPHostService.Service','AMBER',1),(144,'Client remediation status alert','AMBER',1),(145,'Cluster network is partitioned','AMBER',1),(146,'CommonDemandPublisherService Stopped','AMBER',1),(147,'ConfigMgr 2007 Device Management Point: MP Control Manager failed to send an HTTP request to the Device Management Point','AMBER',1),(148,'ConfigMgr 2007 Management Point Health: State','AMBER',1),(149,'Consolidator Module Failed Initialization','AMBER',1),(150,'Correlation Module Failed Initialization','AMBER',1),(151,'CRITICAL ERROR: The message engine failed to retrieve the configuration from the database','AMBER',1),(152,'Data Access Service - Windows Service','AMBER',1),(153,'Data Access Service SPN Not Registered','AMBER',1),(154,'Data Warehouse alert data dedicated maintenance process failed to perform maintenance operation','AMBER',1),(155,'Data Warehouse performance standard data set discovery failed','AMBER',1),(156,'Data Warehouse relationship synchronization process failed to write data','AMBER',1),(157,'Database consistency errors found','AMBER',1),(158,'Database log file is full. Back up the transaction log for the database to free up some log space','AMBER',1),(159,'Dell OMSS Patrol Read found an uncorrectable media error','AMBER',1),(160,'DNS Client Service Stopped','AMBER',1),(161,'DSM Data Manager Stopped','AMBER',1),(162,'DSM Storage Service Stopped','AMBER',1),(163,'EM Test Alert - Warning OPS','AMBER',1),(164,'Fail to access site system alert','AMBER',1),(165,'Failed to perform Web Site discovery','AMBER',1),(166,'Host connection , power state (Critical)','AMBER',1),(167,'Host connection , power state (Warning)','AMBER',1),(168,'IIS 7 Web Site is unavailable','AMBER',1),(169,'Load balanced application is unhealthy','AMBER',1),(170,'Logical consistency error after performing I/O on page','AMBER',1),(171,'Logical Disk is not online','AMBER',1),(172,'ManagemyRecords - MSSQLSERVER Service Monitor','AMBER',1),(173,'ManagemyRecords - OMNIGroupServer Service Monitor','AMBER',1),(174,'Microsoft.SQLServer.2012.AlwaysOn.AvailabilityReplicaIsConnected','AMBER',1),(175,'MSSQL 2014: Database consistency check performed with no errors','AMBER',1),(176,'MSSQL 2014: IS Package Failed','AMBER',1),(177,'MSSQL 2014: SQL Server has failed to allocate sufficient memory to run the query','AMBER',1),(178,'Networker Error | Status: Failed Alert','AMBER',1),(179,'Networker Error | Status: Warning Alert','AMBER',1),(180,'Operations Manager failed to consolidate data','AMBER',1),(181,'Operations Manager failed to run a WMI query for WMI events','AMBER',1),(182,'OS Error occurred while performing I/O on page','AMBER',1),(183,'PA.Processors.Emails Service is stopped','AMBER',1),(184,'Performance data collection process unable to write data to the Data Warehouse','AMBER',1),(185,'Potential memory leak in web application code','AMBER',1),(186,'Primary Site to Central Site Global Data Receiving Not Working','AMBER',1),(187,'Primary Site to Central Site Site Data Sending Not Working','AMBER',1),(188,'Run As Account Configuration Processing Error','AMBER',1),(189,'Scheduler Data Source Module Failed Initialization','AMBER',1),(190,'SharePoint: Admin Service Is Not Running','AMBER',1),(191,'SharePoint: Timer Service Is Not Running','AMBER',1),(192,'Software Update Point Not Available','AMBER',1),(193,'SQL Server Agent Windows Stopped','AMBER',1),(194,'SSL Certificate Error','AMBER',1),(195,'The backup operation for the cluster configuration data has been canceled due to an abort request','AMBER',1),(196,'TRIM Event - Rule Alert','AMBER',1),(197,'Unable to access witness resource','AMBER',1),(198,'WAS encountered an error attempting to look up the built in IIS_IUSRS group','AMBER',1),(199,'Web Site binding is already in use','AMBER',1),(200,'Workflow Initialization: Failed to start a workflow that runs a process or script','AMBER',1),(201,'AirWatch Cloud Connector Service is Stopped','AMBER',1),(202,'Alert subscription data source module queries taking longer than expected.','AMBER',1),(203,'Alert Suppression Replacement Failure','AMBER',1),(204,'All Management Servers Pool Unavailable.','AMBER',1),(205,'BizTalk Server: Availability Monitor raised an Error on Receive Location','AMBER',1),(206,'BizTalk Server: Availability Monitor raised an Error on Send Port','AMBER',1),(207,'Cannot connect to storage (Warning)','AMBER',1),(208,'Central Site to Primary Site Global Data Receiving Not Working','AMBER',1),(209,'Component Monitor Not Available','AMBER',1),(210,'ConfigMgr 2007 Component Health: Monitoring script error','AMBER',1),(211,'ConfigMgr 2007 Management Point: MP Control Manager failed to send an HTTP request to the Management Point','AMBER',1),(212,'ConfigMgr 2007 Perf Threshold: Site Server Inbox schedule.boxoutboxesLAN Backlog > 10,000 over 3 hours','AMBER',1),(213,'ConfigMgr 2007 Site Hierarchy Discovery: Script error','AMBER',1),(214,'Data Integrity Warning','AMBER',1),(215,'Data Warehouse alert standard data set discovery failed','AMBER',1),(216,'Data Warehouse domain synchronization process failed to read state','AMBER',1),(217,'Data Warehouse event data writer process failed to perform maintenance operation','AMBER',1),(218,'Data Warehouse failed to request a list of management packs that have all of their dependencies deployed in the Data Warehouse database','AMBER',1),(219,'Data Warehouse performance data writer process failed to perform maintenance operation','AMBER',1),(220,'Database','AMBER',1),(221,'Datastore cluster is out of space (Warning)','AMBER',1),(222,'DHCP Service Stopped','AMBER',1),(223,'Duplicate IP Detected','AMBER',1),(224,'Failed to perform Web Server properties discovery','AMBER',1),(225,'Health check for IP interface failed','AMBER',1),(226,'IIS 7 server role is unavailable.','AMBER',1),(227,'Index is corrupt','AMBER',1),(228,'IS Package Failed','AMBER',1),(229,'Log Backup Failed to Complete','AMBER',1),(230,'Logical Disk Free Space is low','AMBER',1),(231,'Maintenance task failure alert','AMBER',1),(232,'Management Configuration Service group failed to perform agent assignment work item for a period of time','AMBER',1),(233,'Management Configuration Service group failed to perform snapshot synchronization work item for a period of time','AMBER',1),(234,'ManagemyRecords - TRIMIDOLContent2 Service Monitor','AMBER',1),(235,'Microsoft.SQLServer.2012.AlwaysOn.ClusterStateMonitor','AMBER',1),(236,'Microsoft.SQLServer.2014.AlwaysOn.RoleOfAvailabilityReplicaIsHealthy','AMBER',1),(237,'MSSQL 2014: Cannot start SQL Server Service Broker on a database','AMBER',1),(238,'MSSQL 2014: Database Backup Failed To Complete','AMBER',1),(239,'MSSQL 2014: Database is in offline/recovery pending/suspect/emergency state','AMBER',1),(240,'MSSQL 2014: Database log file is full. Back up the transaction log for the database to free up some log space','AMBER',1),(241,'MSSQL 2014: Error while undoing logged operation in database','AMBER',1),(242,'MSSQL 2014: Failed to create AppDomain','AMBER',1),(243,'MSSQL 2014: Failed to open database or transaction log file','AMBER',1),(244,'NGIP.Agent service is stopped','AMBER',1),(245,'OM connector Alert','AMBER',1),(246,'Partitioning and grooming has not completed recently','AMBER',1),(247,'Power Shell script was dropped','AMBER',1),(248,'Primary Site to Central Site Global Data Sending Not Working','AMBER',1),(249,'Recipient address is not valid','AMBER',1),(250,'Reporting Services Point Not Available','AMBER',1),(251,'Search Services: Indexer Error Detected','AMBER',1),(252,'SharePoint: SPHA Security Rule Monitor Detects Failure','AMBER',1),(253,'Site Component Manager Not Available','AMBER',1),(254,'Too many requests for performance counter data have timed out','AMBER',1),(255,'Windows Server 2012 SMTP Virtual Server is Unavailable.','AMBER',1),(256,'Agent processor utilization over threshold','AMBER',1),(257,'Alert for TrimEvent Error','AMBER',1),(258,'Application Pool worker process terminated unexpectedly','AMBER',1),(259,'Available Megabytes Memory is too low','AMBER',1),(260,'Available Memory Less Than 10 %','AMBER',1),(261,'Cannot connect to storage (Critical)','AMBER',1),(262,'Client active status alert','AMBER',1),(263,'Cluster network interface is unreachable by at least one other cluster node attached to the network','AMBER',1),(264,'Component Status Summarizer Not Available','AMBER',1),(265,'ConfigMgr 2007 dependent service running: Update Services','AMBER',1),(266,'ConfigMgr 2007 Perf Threshold: Site Server Scheduler Send Requests Backlog > 10,000 over 3 hours','AMBER',1),(267,'ConfigMgr 2007 Status: Distribution Manager failed to decompress a package because there is not enough free disk space','AMBER',1),(268,'ConfigMgr 2007 Status: Object Replication Manager failed to process changes to SMS Objects but will retry on next processing cycle','AMBER',1),(269,'ConfigMgr 2007 Status: Scheduler does not have an address defined for sending to a site','AMBER',1),(270,'ConfigMgr Replication Issue','AMBER',1),(271,'Count Files on  D:appsMailerSMTP','AMBER',1),(272,'Data Warehouse domain synchronization process failed to write data','AMBER',1),(273,'Data Warehouse object health state data writer process failed to perform maintenance operation','AMBER',1),(274,'Database connectivity is lost','AMBER',1),(275,'Elastic Search Services Monitoring','AMBER',1),(276,'Event ID# 6005 ? Server Restarted','AMBER',1),(277,'EventID 5719 - 2723 CIO Virtualization Monitoring','AMBER',1),(278,'Failed to open database or transaction log file','AMBER',1),(279,'Failed to perform initialization of IIS discovery module','AMBER',1),(280,'Generic application could not be brought online due to a service startup error','AMBER',1),(281,'Inbox Monitor Not Available','AMBER',1),(282,'Logical disk current queue length is too high','AMBER',1),(283,'Management Configuration Service failed to process agent configuration request','AMBER',1),(284,'Management Point Not Available','AMBER',1),(285,'Microsoft.SQLServer.2012.AlwaysOn.AutomaticFailoverReadiness','AMBER',1),(286,'Microsoft.SQLServer.2012.AlwaysOn.RoleOfAvailabilityReplicaIsHealthy','AMBER',1),(287,'Migration error (Critical)','AMBER',1),(288,'MSSQL 2014: Availability Group is not ready for automatic failover','AMBER',1),(289,'MSSQL 2014: Cannot open backup device.','AMBER',1),(290,'MSSQL 2014: File group is running out of space','AMBER',1),(291,'Network connectivity lost (Critical)','AMBER',1),(292,'Network connectivity lost (Warning)','AMBER',1),(293,'Network Device is Not Responding','AMBER',1),(294,'QlikView Directory Service Connector is stopped','AMBER',1),(295,'Search Services: Query Component Critical Error','AMBER',1),(296,'Service Check Probe Module Failed Execution','AMBER',1),(297,'Site Server Component Service Not Running','AMBER',1),(298,'SMTP Server is unavailable','AMBER',1),(299,'SQL Server Broker disabled','AMBER',1),(300,'SQL Server cannot authenticate using Kerberos because the Service Principal Name (SPN) is missing, misplaced, or duplicated.','AMBER',1),(301,'SQL Server Database Error','AMBER',1),(302,'SQL Server Integration Services Windows Service Stopped','AMBER',1),(303,'System Center Orchestrator Runbook Server Call to ActionServerStorage Refused Error','AMBER',1),(304,'System Center Orchestrator Runbook Service','AMBER',1),(305,'The last query server was removed from rotation','AMBER',1),(306,'The Windows SharePoint Services Search service State','AMBER',1),(307,'The Windows SharePoint Services Tracing service State','AMBER',1),(308,'Windows Event Log Service Stopped','AMBER',1),(309,'Windows Process Activation service is unavailable','AMBER',1),(310,'Windows Remote Management Service Stopped','AMBER',1),(311,'WSUS Control Manager Not Available','AMBER',1),(312,'Accenture.CP.Host service is stopped','AMBER',1),(313,'Access Denied Error','AMBER',1),(314,'AirWatchCloudConnector - Service','AMBER',1),(315,'Alert subscription data source module encountered errors while running.','AMBER',1),(316,'APM .NET Server-Side monitoring Configuration Error or Conflict','AMBER',1),(317,'Central Site to Primary Site Site Data Receiving Not Working','AMBER',1),(318,'CIO.App.2133.EBI.NGIPServices.Monitoring.Monitor','AMBER',1),(319,'Client Web Service','AMBER',1),(320,'Cluster IP address resource cannot be brought online because of a duplicate IP address','AMBER',1),(321,'Cluster network name resource failed to register DNS name','AMBER',1),(322,'Cluster network name resource failed to update the DNS A record','AMBER',1),(323,'Communication was lost and reestablished between cluster nodes','AMBER',1),(324,'ConfigMgr 2007 Component Health: SMS_MP_CONTROL_MANAGER state','AMBER',1),(325,'ConfigMgr 2007 Component Health: SMS_SITE_COMPONENT_MANAGER state','AMBER',1),(326,'ConfigMgr 2007 Site Maintenance Tasks: Script error','AMBER',1),(327,'ConfigMgr 2007 Status: Despooler could not process an instruction and package file from a site because the signature on the package was invalid','AMBER',1),(328,'ConfigMgr 2007 Status: SMS State System error processing message file','AMBER',1),(329,'ConfigMgr Server Component Issue','AMBER',1),(330,'Could not open error log file','AMBER',1),(331,'Critical Error Find in TintriHealthCheck','AMBER',1),(332,'Data Warehouse failed to request a list of management packs installed for the management group','AMBER',1),(333,'Data Warehouse monitor initial state data synchronization process failed to read state','AMBER',1),(334,'Data Warehouse performance data dedicated maintenance process failed to perform maintenance operation','AMBER',1),(335,'Database Offline','RED',1),(336,'Dell OMSS Initialization sequence of SAS components failed during system startup','AMBER',1),(337,'Drive Array Accelerator degraded, failed or battery failed.','AMBER',1),(338,'ETL Module execution failed.','AMBER',1),(339,'Event data collection process unable to write data to the Data Warehouse','AMBER',1),(340,'EventID 14151 Alert','AMBER',1),(341,'HP Insight NIC Agents failed.','AMBER',1),(342,'HP System Management Homepage failed.','AMBER',1),(343,'I/O LSI_SAS Device Issues - Event ID 129','AMBER',1),(344,'IIS 8 Web Site is unavailable','AMBER',1),(345,'ISAPI application error detected','AMBER',1),(346,'Logical Disk Fragmentation Level is high','AMBER',1),(347,'Login failed: Account locked out','AMBER',1),(348,'Microsoft.SQLServer.2014.AgentJob.JobLastRunState','AMBER',1),(349,'MSSQL 2014: Cannot create file','AMBER',1),(350,'MSSQL 2014: Cannot recover the master database. Exiting.','AMBER',1),(351,'MSSQL 2014: Could not allocate space for object in database because the filegroup is full','AMBER',1),(352,'MSSQL 2014: Distributed transaction was aborted by MSDTC','AMBER',1),(353,'MSSQL 2014: WSFC cluster is offline','AMBER',1),(354,'NLB detected duplicate cluster subnets','AMBER',1),(355,'NTFS - File System Corrupt (Extended)','AMBER',1),(356,'Query server removed from rotation','AMBER',1),(357,'SCCM Service Down','AMBER',1),(358,'SQL Server Port Not Correct.','AMBER',1),(359,'The log for database is not available','AMBER',1),(360,'Used total bandwidth is over threshold','AMBER',1),(361,'Worker process failed to initialize communication with the W3SVC and therefore could not be started','AMBER',1),(362,'Workflow Initialization: Failed to start a process or script','AMBER',1),(363,'A fatal error occurred in .NET Framework runtime','AMBER',1),(364,'Alert for EventID 9998','AMBER',1),(365,'An error occurred while communicating with the SMTP server','AMBER',1),(366,'Backward Compatibility Script Error','AMBER',1),(367,'BizTalk Server: Availability Monitor raised an Error on BizTalk Tracking Database','AMBER',1),(368,'CIO App - 4229 NextGenerAccen monitoring ESS','AMBER',1),(369,'CIO.App.4298.CommonDemand.PHServices.PublisherProactiveHiring','AMBER',1),(370,'Cluster resource failed','RED',1),(371,'Cluster resource failed.','AMBER',1),(372,'Cluster resource group offline or partially online','AMBER',1),(373,'Cluster service failed.','AMBER',1),(374,'ConfigMgr 2007 Component Health: SMS_WSUS_SYNC_MANAGER state','AMBER',1),(375,'ConfigMgr 2007 NLB Management Point Health: Script error','AMBER',1),(376,'ConfigMgr 2007 Software Update Point Health: Script error','AMBER',1),(377,'ConfigMgr 2007 Software Update Point Health: State','AMBER',1),(378,'ConfigMgr 2007 Status: Management Point failed to receive SQL Server connection settings','AMBER',1),(379,'ConfigMgr 2007 Status: SMS State System summary task failed to execute','AMBER',1),(380,'Content distribution alert','AMBER',1),(381,'Data Warehouse managed object synchronization process failed to read state','AMBER',1),(382,'EM Test Alert - Critical APP','AMBER',1),(383,'EM Test Alert - Warning SQL','AMBER',1),(384,'Error backing up registry to Shared Services Provider database','AMBER',1),(385,'Event ID 1000 - Application Error','AMBER',1),(386,'Event ID 1025 ? .NET Runtime','AMBER',1),(387,'Event ID 1111 - Server Information Changes Tracking (Rule)','AMBER',1),(388,'Event ID 2000_myRequests:Siebel Web Service Custom Alert_Error Code: 10054','AMBER',1),(389,'Event log is full','AMBER',1),(390,'Failed to retrieve Application Pool state','AMBER',1),(391,'File Dispatch Manager Not Available','AMBER',1),(392,'Free Disk Space On Drive','AMBER',1),(393,'Heartbeat failed','AMBER',1),(394,'HP Insight Foundation Agents failed.','AMBER',1),(395,'IIS 7 Application Pool is unavailable','RED',1),(396,'IIS 8 server role is unavailable.','AMBER',1),(397,'Invalid reference to File ID','AMBER',1),(398,'IP address conflict','AMBER',1),(399,'ManagemyRecords -  TRIMIDOLService Service Monitor','AMBER',1),(400,'MSSQL 2014: DB Average Wait Time is too high','AMBER',1),(401,'MSSQL 2014: Log Shipping Source','AMBER',1),(402,'MSSQL 2014: Login failed: Password must be changed','AMBER',1),(403,'NTFS - Delayed Write Lost','AMBER',1),(404,'One of the BizTalk application services is not running','AMBER',1),(405,'Operations Manager failed to start a process','AMBER',1),(406,'Operations Manager Web Console Unavailable','AMBER',1),(407,'Physical disk current queue length is too high','AMBER',1),(408,'SQL Server Service Stopped','AMBER',1),(409,'Sweep Synch failed','AMBER',1),(410,'System Center Management Health Service Credentials Not Found Alert Message','AMBER',1),(411,'System Center Management Health Service Unloaded System Rule(s)','AMBER',1),(412,'System Center Orchestrator Management Server Database Connection Error','AMBER',1),(413,'The ESSO service is not running.','AMBER',1),(414,'The metadata object could not be loaded','AMBER',1),(415,'The Microsoft Internet Information Services State','AMBER',1),(416,'The OLE DB provider reported an error','AMBER',1),(417,'The WMI Service is not running','AMBER',1),(418,'Unable to Verify Run As Account','AMBER',1),(419,'WAS encountered an error trying to read configuration','AMBER',1),(420,'Windows Server Service Stopped','AMBER',1),(421,'Workflow Initialization: Failed to start a workflow that queries WMI','AMBER',1),(422,'WSFC cluster is offline','AMBER',1),(423,'Auto Update Statistics Configuration Error','AMBER',1),(424,'BigFile Server was restarted','AMBER',1),(425,'BizTalk Server: Availability Monitor for suspended instances raised an Error on Receive Port','AMBER',1),(426,'Catalog Synchronization','AMBER',1),(427,'CIO.App.4230.ISeGRC.RSAServices.RSAArcherLDAPSynchronization','AMBER',1),(428,'CIO.App.4298.CommonDemand.PHServices.PHSubscriberService','AMBER',1),(429,'Cluster Node is not online.','AMBER',1),(430,'ConfigMgr 2007 Perf Threshold: MP Get SDM Package (Total Requests) > 10,000 over 3 hours','AMBER',1),(431,'ConfigMgr 2007 Status: Site Component Manager failed to reinstall site system component','AMBER',1),(432,'Data Warehouse configuration synchronization process failed to read state','AMBER',1),(433,'Data Warehouse managed object synchronization process failed to write data','AMBER',1),(434,'Database consistency check performed with no errors','AMBER',1),(435,'Distribution fails to access network alert','AMBER',1),(436,'Dss Auth Web Service','AMBER',1),(437,'Elasticsearch 1.4.2 elasticsearch-service-x64 Service Stopped','AMBER',1),(438,'EM Test Alert - Warning APP','AMBER',1),(439,'Enlist of MSDTC transaction failed','AMBER',1),(440,'Event ID 0 - Enterprise Library Semantic Logging Service','AMBER',1),(441,'Event ID 1112 - AIR IDs Changes Tracking','AMBER',1),(442,'Failed to perform Application Pool discovery','AMBER',1),(443,'IIS 8 Web Server is unavailable','AMBER',1),(444,'Log Shipping Destination','AMBER',1),(445,'Management point HINV endpoint queue alert','AMBER',1),(446,'ManagemyRecords - TRIMIDOLImageService Service Monitor','AMBER',1),(447,'MME NSB Subscriber Service Stopped','AMBER',1),(448,'MSSQL 2014: An error occurred while reading the log for database','AMBER',1),(449,'MSSQL 2014: Availability Group is offline','AMBER',1),(450,'MSSQL 2014: Log Shipping Destination','AMBER',1),(451,'MSSQL 2014: OS Error occurred while performing I/O on page','AMBER',1),(452,'MSSQL 2014: SQL Server Agent could not be started','AMBER',1),(453,'MSSQL 2014: SQL Server Agent Windows Stopped','AMBER',1),(454,'MSSQL 2014: SQL Server Service Stopped','AMBER',1),(455,'NLB Cluster unavailable','AMBER',1),(456,'OleDB: Results Error','AMBER',1),(457,'Operating System error encountered','AMBER',1),(458,'Primary site to Secnodary Site Global Data Receiving Not Working','AMBER',1),(459,'Primary site to Secnodary Site Global Data Sending Not Working','AMBER',1),(460,'Reporting Web Service','AMBER',1),(461,'Sender connection failure alert','AMBER',1),(462,'Service entered unpredictable state','AMBER',1),(463,'Simple Auth Web Service','AMBER',1),(464,'Slurper.CD.demandordersOnP Service Stopped','AMBER',1),(465,'SQL Server Disk Space Not Sufficient','AMBER',1),(466,'System Center Management Health Service Unable to Process New Configuration','AMBER',1),(467,'System Center Orchestrator Runbook Server Monitor Service Database Connection Error','AMBER',1),(468,'Unable to Render report on requested environment','AMBER',1),(469,'vSphere HA virtual machine failover failed (Critical)','AMBER',1),(470,'WAS received a change notification, but was unable to process it correctly','AMBER',1),(471,'WSUS Synchronization Failed','AMBER',1),(472,'% Free Space is too low','AMBER',1),(473,'[Warning] A member was added to a security-enabled local group.','AMBER',1),(474,'Alert generation was temporarily suspended due to too many alerts.','AMBER',1),(475,'An error occurred in the Service Broker manager','AMBER',1),(476,'AutosysIntegration Process Mem higher 1G','AMBER',1),(477,'Available Memory less then 5% Alert','AMBER',1),(478,'CCMExec CPU Usage is Too High','AMBER',1),(479,'CIO.App.4230.ISeGRC.RSAServices.RSAArcherConfiguration','AMBER',1),(480,'CIO.App.4757.OctopusDeploy.Monitoring','AMBER',1),(481,'CIO.App.4902.IEC.IECServices.Monitoring.AlertWindowService','AMBER',1),(482,'Cluster Network Interface is not online.','AMBER',1),(483,'Cluster resource degraded.','AMBER',1),(484,'ConfigMgr 2007 dependent service running: IIS Admin Service','AMBER',1),(485,'ConfigMgr 2007 Device Management Point Health: State','AMBER',1),(486,'ConfigMgr 2007 Status: Despooler failed to decompress a package','AMBER',1),(487,'ConfigMgr 2007 Status: Sender encountered errors while sending software distribution package','AMBER',1),(488,'ConfigMgr 2007 Status: Site Component Manager failed to deinstall all SMS server components from site system','AMBER',1),(489,'ConfigMgr 2007 Status: SMS State System encountered a corrupted message file','AMBER',1),(490,'Content Synchronization','AMBER',1),(491,'Could not write a CHECKPOINT record in database because the log is out of space','AMBER',1),(492,'Data Warehouse alert data writer process failed to perform maintenance operation','AMBER',1),(493,'Data Warehouse relationship synchronization process failed to read state','AMBER',1),(494,'Dell OMSA Voltage sensor value unknown','AMBER',1),(495,'Elasticsearch 1.4.2 elasticsearch-service-x64-client Service Stopped','AMBER',1),(496,'EM Test Alert - Critical OPS','AMBER',1),(497,'EMC SI Service Status','AMBER',1),(498,'ERROR: An attempt to connect to a BizTalk database failed','AMBER',1),(499,'Event ID# 6006 ? Server Shutdown/Restart','AMBER',1),(500,'Failed to load safe control assembly path','AMBER',1),(501,'Failed to Ping Computer','AMBER',1),(502,'Failure occurred during database recovery','AMBER',1),(503,'Free Space Warning (%) For Cluster Disk','AMBER',1),(504,'Inbox Manager Not Available','AMBER',1),(505,'Invalid application path','AMBER',1),(506,'Invalid web site bindings','AMBER',1),(507,'MSSQL 2014: CREATE FILE encountered operating system error','AMBER',1),(508,'Outbound Queue Backlog','AMBER',1),(509,'PA.Processors.Notifications Service is stopped','AMBER',1),(510,'Percentage Logical Disk Free Space is low','AMBER',1),(511,'Performance data collection process unable to store data in the Data Warehouse in a timely manner','AMBER',1),(512,'Processing Backlogged Events Taking a Long Time','AMBER',1),(513,'Run As Account Could Not Log On','AMBER',1),(514,'Run As Account does not exist on the target system or does not have enough permissions','AMBER',1),(515,'SERVICE UNAVAILABLE: All receive locations are being temporarily disabled because either the BizTalk MessageBox or the BizTalk Management database is not available','AMBER',1),(516,'SharePoint: SPHA Availability Rule Monitor Detects Failure','AMBER',1),(517,'Silent Clients','AMBER',1),(518,'Slurper.CD.drainer Service Stopped','AMBER',1),(519,'SQL Server Assertion','AMBER',1),(520,'SQL Server terminating because of system shutdown','AMBER',1),(521,'Symantec Endpoint Protection Manager service','AMBER',1),(522,'The configuration manager for WAS did not initialize','AMBER',1),(523,'Windows Workstation Service Stopped','AMBER',1),(524,'Alert Message For Cluster Discovery Connect Status Monitor','AMBER',1),(525,'APM Windows service stopped','AMBER',1),(526,'Asset Intelligence Synchronization Point Not Available','AMBER',1),(527,'BizTalk Server: Availability Monitor raised an Error on BizTalk Host','AMBER',1),(528,'Cluster Service stopped','AMBER',1),(529,'ConfigMgr 2007 Perf Threshold: Site Server Inbox schedule.boxrequests Backlog > 10,000 over 3 hours','AMBER',1),(530,'ConfigMgr 2007 service running: SMS_SITE_COMPONENT_MANAGER','AMBER',1),(531,'ConfigMgr 2007 Status: Collection Evaluator failed to update the membership of a collection','AMBER',1),(532,'ConfigMgr 2007 Status: Database Notification Monitor failed to execute a Site Maintenance task within the scheduled time','AMBER',1),(533,'ConfigMgr 2007 Status: Site Component Manager failed to install the Management Point component because its Microsoft Installer File (MP.MSI) could not install it','AMBER',1),(534,'ConfigMgr 2007 Status: SMS Executive detected that an Autostarted component stopped unexpectedly','AMBER',1),(535,'Could not allocate new page for database . There are no more pages available in filegroup.','AMBER',1),(536,'CRITICAL ERROR: A BizTalk subservice has failed while executing a service request','AMBER',1),(537,'Data Access Service Stopped','AMBER',1),(538,'Data Warehouse health service availability data synchronization process failed to read state','AMBER',1),(539,'Database backup should be performed','AMBER',1),(540,'Elasticsearch-service-x64_PROD_NTTA Stopped','AMBER',1),(541,'Failed to retrieve site state','AMBER',1),(542,'Failed to send notification using server/device','AMBER',1),(543,'Microsoft.SQLServer.2014.AlwaysOn.AutomaticFailoverReadiness','AMBER',1),(544,'Microsoft.SQLServer.2014.AlwaysOn.ClusterStateMonitor','AMBER',1),(545,'Migration error (Warning)','AMBER',1),(546,'MP Sync failed to connect to Data Access Service','AMBER',1),(547,'MSSQL 2014: An error occurred in the Service Broker manager','AMBER',1),(548,'MSSQL 2014: Backup device failed - Operating system error','AMBER',1),(549,'MSSQL 2014: Buffer Cache Hit Ratio is too low','AMBER',1),(550,'MSSQL 2014: Could not write a CHECKPOINT record in database because the log is out of space','AMBER',1),(551,'MSSQL 2014: Database is Out of Space','AMBER',1),(552,'MSSQL 2014: Failed to open primary database file','AMBER',1),(553,'Object Health State data collection process unable to store data in the Data Warehouse in a timely manner','AMBER',1),(554,'Operations Manager failed to check the state of a service','AMBER',1),(555,'Operations Manager failed to get LDAP data','AMBER',1),(556,'Ops DB Free Space Low','AMBER',1),(557,'Site server cannot connect to database','AMBER',1),(558,'SQL Server Reporting Services Stopped','AMBER',1),(559,'SSRS Environment URL is Down','AMBER',1),(560,'TRIMWorkgroup Event - Rule Alert','AMBER',1),(561,'Web Application Unavailable: {2}','AMBER',1),(562,'Web Management service is stopped','AMBER',1),(563,'WSUS Configuration Manager Not Available','AMBER',1),(564,'4149 BMC Event Manager mcell_STR_PDPROD_B02 Service Monitor','AMBER',1),(565,'AzMan Database connectivity is lost','AMBER',1),(566,'Cannot Connect To SQL Server','AMBER',1),(567,'CioApp3735OrchestratorLog_monitoring','AMBER',1),(568,'Cluster network is down','AMBER',1),(569,'ConfigMgr 2007 service running: SMS Agent Host','AMBER',1),(570,'ConfigMgr 2007 Site Maintenance Tasks: Task failed','AMBER',1),(571,'ConfigMgr 2007 Status: Distribution Manager does not have enough free disk space on the site server to decompress a package','AMBER',1),(572,'ConfigMgr 2007 Status: Distribution Manager does not have enough free disk space to copy a package','AMBER',1),(573,'ConfigMgr 2007 Status: Site Component Manager could not access site system','AMBER',1),(574,'ConfigMgr Site Role Issue','AMBER',1),(575,'Configuration Service Stopped','AMBER',1),(576,'Content Database Synchronization failed','AMBER',1),(577,'CRITICAL ERROR: A stored procedure failed','AMBER',1),(578,'Data Warehouse maintenance mode synchronization process failed to read state','AMBER',1),(579,'EM Test Alert - Onboarding','AMBER',1),(580,'Error while undoing logged operation in database','AMBER',1),(581,'Event data collection process unable to store data in the Data Warehouse in a timely manner','AMBER',1),(582,'Failed Authentication Attempts Check','AMBER',1),(583,'Failed to perform FTP site discovery','AMBER',1),(584,'Free Space Warning (MB) For Cluster Disk','AMBER',1),(585,'HP Insight Storage Agents failed.','AMBER',1),(586,'IIS 8 Application Pool is unavailable','AMBER',1),(587,'Log files are running out of space','AMBER',1),(588,'Management Configuration Service group failed to obtain work item statistics for a period of time','AMBER',1),(589,'Management point status message backlog alert','AMBER',1),(590,'ManagemyRecords - SQLSERVERAGENT Service Monitor','AMBER',1),(591,'MSSQL 2014: CPU Utilization (%) is too high','AMBER',1),(592,'MSSQL 2014: Operating System error encountered','AMBER',1),(593,'MSSQL 2014: Thread Count is too high','AMBER',1),(594,'MSSQL 2014: Workflow failed to connect to the target system','AMBER',1),(595,'Network Adapter Connection Health','AMBER',1),(596,'NLB node is no longer part of the cluster','AMBER',1),(597,'Operations Manager Failed to convert performance data','AMBER',1),(598,'Operations Manager failed to run a WMI query','AMBER',1),(599,'Outbox Monitor Not Available','AMBER',1),(600,'PA.Processors.Decisions Service is Stopped','AMBER',1),(601,'Power Shell Run space Failed to start','AMBER',1),(602,'Quality.Search.Indexer-ProductionNTTA Stopped','AMBER',1),(603,'Server Sync Web Service','AMBER',1),(604,'SERVICE UNAVAILABLE: The message engine could not contact the SSO server','AMBER',1),(605,'SMS Agent Host Windows Service Not Running','AMBER',1),(606,'System Center Orchestrator Runbook Server Database Connection Error','AMBER',1),(607,'The Cluster service is shutting down because quorum was lost','AMBER',1),(608,'The Symantec Endpoint Protection Manager Webserver service entered the stopped','AMBER',1),(609,'UNIX/Linux Service Monitor Alert','AMBER',1),(610,'Worker process for application pool encountered an error while trying to read global module configuration','AMBER',1),(611,'Business Transaction error rate is high','RED',3),(612,'Business Transaction response time is much higher than normal','RED',3);
/*!40000 ALTER TABLE `MD_ALERT` ENABLE KEYS */;
UNLOCK TABLES;


--
-- Dumping data for table `CF_ALERT_GROUP`
--

LOCK TABLES `CF_ALERT_GROUP` WRITE;
/*!40000 ALTER TABLE `CF_ALERT_GROUP` DISABLE KEYS */;
INSERT INTO `CF_ALERT_GROUP` VALUES (1,'Windows Server Health Alerts',NULL,1),(2,'MSSQL 2014 Alerts',NULL,1),(3,'IIS7 Alerts',NULL,1),(4,'Cluster Health Alerts',NULL,1),(5,'AppDynamic Critical Alerts',NULL,3);
/*!40000 ALTER TABLE `CF_ALERT_GROUP` ENABLE KEYS */;
UNLOCK TABLES;


--
-- Dumping data for table `CF_CRITICAL_ALERT_LIST`
--

LOCK TABLES `CF_CRITICAL_ALERT_LIST` WRITE;
/*!40000 ALTER TABLE `CF_CRITICAL_ALERT_LIST` DISABLE KEYS */;
INSERT INTO `CF_CRITICAL_ALERT_LIST` VALUES ('InclusionList',1,1),('InclusionList',2,2),('InclusionList',3,3),('InclusionList',4,4),('InclusionList',5,5),('InclusionList',6,5),('InclusionList',7,5),('InclusionList',8,5),('InclusionList',9,5),('InclusionList',10,5),('InclusionList',11,5),('InclusionList',12,5),('InclusionList',13,5),('InclusionList',14,5),('InclusionList',15,5),('InclusionList',16,NULL),('InclusionList',17,NULL),('InclusionList',18,NULL),('InclusionList',19,NULL),('InclusionList',20,NULL),('InclusionList',21,NULL),('InclusionList',22,NULL),('InclusionList',23,NULL),('InclusionList',24,NULL),('InclusionList',25,NULL),('InclusionList',26,NULL),('InclusionList',27,NULL),('InclusionList',28,NULL),('ExclusionList',100,NULL),('ExclusionList',101,NULL),('ExclusionList',102,NULL),('ExclusionList',103,NULL);
/*!40000 ALTER TABLE `CF_CRITICAL_ALERT_LIST` ENABLE KEYS */;
UNLOCK TABLES;


--
-- Dumping data for table `CF_LEVEL`
--

LOCK TABLES `CF_LEVEL` WRITE;
/*!40000 ALTER TABLE `CF_LEVEL` DISABLE KEYS */;
INSERT INTO `CF_LEVEL` (`ID`, `NAME`, `TARGET_ENTITY`, `TARGET_TABLE`, `TOP`, `TSD_TAG`, `DATA_TYPE_ID`, `NEXT_ID`) VALUES (3,'SERVER','com.accenture.coap.master.metadata.domain.metadata.Server','MD_SERVER','\0','server',1,NULL);
INSERT INTO `CF_LEVEL` (`ID`, `NAME`, `TARGET_ENTITY`, `TARGET_TABLE`, `TOP`, `TSD_TAG`, `DATA_TYPE_ID`, `NEXT_ID`) VALUES (2,'COMPONENT','com.accenture.coap.master.metadata.domain.metadata.Component','MD_COMPONENT','\0','function',1,3);
INSERT INTO `CF_LEVEL` (`ID`, `NAME`, `TARGET_ENTITY`, `TARGET_TABLE`, `TOP`, `TSD_TAG`, `DATA_TYPE_ID`, `NEXT_ID`) VALUES (6,'LABEL','com.accenture.coap.master.metadata.domain.metadata.Server','MD_SERVER','\0','label',4,NULL);
INSERT INTO `CF_LEVEL` (`ID`, `NAME`, `TARGET_ENTITY`, `TARGET_TABLE`, `TOP`, `TSD_TAG`, `DATA_TYPE_ID`, `NEXT_ID`) VALUES (5,'LOCATION','com.accenture.coap.master.metadata.domain.metadata.Component','MD_COMPONENT','\0','location',4,6);
INSERT INTO `CF_LEVEL` (`ID`, `NAME`, `TARGET_ENTITY`, `TARGET_TABLE`, `TOP`, `TSD_TAG`, `DATA_TYPE_ID`, `NEXT_ID`) VALUES (1,'APP','com.accenture.coap.master.metadata.domain.metadata.App','MD_APP','','airId',1,2);
INSERT INTO `CF_LEVEL` (`ID`, `NAME`, `TARGET_ENTITY`, `TARGET_TABLE`, `TOP`, `TSD_TAG`, `DATA_TYPE_ID`, `NEXT_ID`) VALUES (4,'APP','com.accenture.coap.master.metadata.domain.metadata.App','MD_APP','','airId',4,5);
INSERT INTO `CF_LEVEL` (`ID`, `NAME`, `TARGET_ENTITY`, `TARGET_TABLE`, `TOP`, `TSD_TAG`, `DATA_TYPE_ID`, `NEXT_ID`) VALUES (7,'APP','com.accenture.coap.master.metadata.domain.metadata.Server','MD_APP','','airId',3,NULL);
/*!40000 ALTER TABLE `CF_LEVEL` ENABLE KEYS */;
UNLOCK TABLES;



--
-- Dumping data for table `CF_ALERT_SOURCE`
--

LOCK TABLES `CF_ALERT_SOURCE` WRITE;
/*!40000 ALTER TABLE `CF_ALERT_SOURCE` DISABLE KEYS */;
INSERT INTO `CF_ALERT_SOURCE` (`ID`, `AIR_ID`, `NAME`, `REF_ID`, `AMBER_ABOVE_THRESHOLD`, `RED_THRESHOLD`, `STATUS`, `CRITICAL_ALERT_LIST_ID`, `DATA_TYPE_ID`, `LEVEL_ID`, `PARENT_ID`) VALUES (40,2700,'WP_2700',6,2,3,'Effective',NULL,4,4,NULL);
INSERT INTO `CF_ALERT_SOURCE` (`ID`, `AIR_ID`, `NAME`, `REF_ID`, `AMBER_ABOVE_THRESHOLD`, `RED_THRESHOLD`, `STATUS`, `CRITICAL_ALERT_LIST_ID`, `DATA_TYPE_ID`, `LEVEL_ID`, `PARENT_ID`) VALUES (41,2700,'AD_2700',6,NULL,NULL,'Effective',5,3,7,NULL);
INSERT INTO `CF_ALERT_SOURCE` (`ID`, `AIR_ID`, `NAME`, `REF_ID`, `AMBER_ABOVE_THRESHOLD`, `RED_THRESHOLD`, `STATUS`, `CRITICAL_ALERT_LIST_ID`, `DATA_TYPE_ID`, `LEVEL_ID`, `PARENT_ID`) VALUES (42,2700,'SA_2700',6,1,1,'Effective',1,1,1,NULL);
INSERT INTO `CF_ALERT_SOURCE` (`ID`, `AIR_ID`, `NAME`, `REF_ID`, `AMBER_ABOVE_THRESHOLD`, `RED_THRESHOLD`, `STATUS`, `CRITICAL_ALERT_LIST_ID`, `DATA_TYPE_ID`, `LEVEL_ID`, `PARENT_ID`) VALUES (49,2700,'SA_2700_Application',32,1,1,'Effective',4,1,2,42);
INSERT INTO `CF_ALERT_SOURCE` (`ID`, `AIR_ID`, `NAME`, `REF_ID`, `AMBER_ABOVE_THRESHOLD`, `RED_THRESHOLD`, `STATUS`, `CRITICAL_ALERT_LIST_ID`, `DATA_TYPE_ID`, `LEVEL_ID`, `PARENT_ID`) VALUES (50,2700,'SA_2700_Web',31,1,2,'Effective',3,1,2,42);
INSERT INTO `CF_ALERT_SOURCE` (`ID`, `AIR_ID`, `NAME`, `REF_ID`, `AMBER_ABOVE_THRESHOLD`, `RED_THRESHOLD`, `STATUS`, `CRITICAL_ALERT_LIST_ID`, `DATA_TYPE_ID`, `LEVEL_ID`, `PARENT_ID`) VALUES (51,2700,'SA_2700_Database',30,1,1,'Effective',2,1,2,42);
INSERT INTO `CF_ALERT_SOURCE` (`ID`, `AIR_ID`, `NAME`, `REF_ID`, `AMBER_ABOVE_THRESHOLD`, `RED_THRESHOLD`, `STATUS`, `CRITICAL_ALERT_LIST_ID`, `DATA_TYPE_ID`, `LEVEL_ID`, `PARENT_ID`) VALUES (52,2700,'SA_2700_Web_CTCVW6070',110,NULL,NULL,'Effective',100,1,3,50);
INSERT INTO `CF_ALERT_SOURCE` (`ID`, `AIR_ID`, `NAME`, `REF_ID`, `AMBER_ABOVE_THRESHOLD`, `RED_THRESHOLD`, `STATUS`, `CRITICAL_ALERT_LIST_ID`, `DATA_TYPE_ID`, `LEVEL_ID`, `PARENT_ID`) VALUES (53,2700,'SA_2700_Application_VD104443',89,NULL,NULL,'Effective',101,1,3,49);
INSERT INTO `CF_ALERT_SOURCE` (`ID`, `AIR_ID`, `NAME`, `REF_ID`, `AMBER_ABOVE_THRESHOLD`, `RED_THRESHOLD`, `STATUS`, `CRITICAL_ALERT_LIST_ID`, `DATA_TYPE_ID`, `LEVEL_ID`, `PARENT_ID`) VALUES (54,2700,'SA_2700_Database_VRTVA6950',107,NULL,NULL,'Effective',102,1,3,51);
INSERT INTO `CF_ALERT_SOURCE` (`ID`, `AIR_ID`, `NAME`, `REF_ID`, `AMBER_ABOVE_THRESHOLD`, `RED_THRESHOLD`, `STATUS`, `CRITICAL_ALERT_LIST_ID`, `DATA_TYPE_ID`, `LEVEL_ID`, `PARENT_ID`) VALUES (74,2700,'SA_2700_Web_CTCVW6092',79,NULL,NULL,'Effective',103,1,3,50);
/*!40000 ALTER TABLE `CF_ALERT_SOURCE` ENABLE KEYS */;
UNLOCK TABLES;

--
-- Dumping data for table `CF_ALERT_SOURCE_TEMPLATE`
--

LOCK TABLES `CF_ALERT_SOURCE_TEMPLATE` WRITE;
/*!40000 ALTER TABLE `CF_ALERT_SOURCE_TEMPLATE` DISABLE KEYS */;
INSERT INTO `CF_ALERT_SOURCE_TEMPLATE` VALUES (1,'Application',1,1,1,1,1,NULL),(2,'Web Component',1,1,4,1,2,1),(3,'Db Component',1,1,4,1,2,1),(4,'App Component',1,1,4,1,2,1),(5,'Web Server',1,1,101,1,3,2),(6,'Db Server',1,1,101,1,3,3),(7,'App Server',1,1,101,1,3,4),(15,'Application',NULL,NULL,1,3,4,NULL),(16,'Web Component',NULL,NULL,4,3,5,15),(17,'Db Component',NULL,NULL,4,3,5,15),(18,'App Component',NULL,NULL,4,3,5,15),(19,'Web Server',NULL,NULL,101,3,6,16),(20,'Db Server',NULL,NULL,101,3,6,17),(21,'App Server',NULL,NULL,101,3,6,18),(22,'Application',1,1,NULL,4,7,NULL),(23,'Web Component',1,1,NULL,4,7,22),(24,'Db Component',1,1,NULL,4,7,22),(25,'App Component',1,1,NULL,4,7,22),(26,'Web Server',1,1,NULL,4,7,23),(27,'Db Server',1,1,NULL,4,7,24),(28,'App Server',1,1,NULL,4,7,25);
/*!40000 ALTER TABLE `CF_ALERT_SOURCE_TEMPLATE` ENABLE KEYS */;
UNLOCK TABLES;



--
-- Dumping data for table `CF_JT_ALERT_GROUP_ALERT`
--

LOCK TABLES `CF_JT_ALERT_GROUP_ALERT` WRITE;
/*!40000 ALTER TABLE `CF_JT_ALERT_GROUP_ALERT` DISABLE KEYS */;
INSERT INTO `CF_JT_ALERT_GROUP_ALERT` VALUES (3,2),(4,7),(1,28),(2,31),(5,611),(5,612);
/*!40000 ALTER TABLE `CF_JT_ALERT_GROUP_ALERT` ENABLE KEYS */;
UNLOCK TABLES;

--
-- Dumping data for table `CF_JT_CRITICAL_ALERT_LIST_ALERT`
--

LOCK TABLES `CF_JT_CRITICAL_ALERT_LIST_ALERT` WRITE;
/*!40000 ALTER TABLE `CF_JT_CRITICAL_ALERT_LIST_ALERT` DISABLE KEYS */;
INSERT INTO `CF_JT_CRITICAL_ALERT_LIST_ALERT` VALUES (16,7),(17,7),(18,7),(19,7),(20,7),(21,7),(22,7),(23,7),(24,7),(25,7),(26,7),(27,7),(28,7),(4,8),(16,8),(17,8),(18,8),(19,8),(20,8),(21,8),(22,8),(23,8),(24,8),(25,8),(26,8),(27,8),(28,8),(3,24),(16,30),(17,30),(18,30),(19,30),(20,30),(21,30),(22,30),(23,30),(24,30),(25,30),(26,30),(27,30),(28,30),(16,31),(17,31),(18,31),(19,31),(20,31),(21,31),(22,31),(23,31),(24,31),(25,31),(26,31),(27,31),(28,31),(2,32),(16,33),(17,33),(18,33),(19,33),(20,33),(21,33),(22,33),(23,33),(24,33),(25,33),(26,33),(27,33),(28,33),(1,45),(16,53),(17,53),(18,53),(19,53),(20,53),(21,53),(22,53),(23,53),(24,53),(25,53),(26,53),(27,53),(28,53),(16,128),(17,128),(18,128),(19,128),(20,128),(21,128),(22,128),(23,128),(24,128),(25,128),(26,128),(27,128),(28,128),(16,335),(17,335),(18,335),(19,335),(20,335),(21,335),(22,335),(23,335),(24,335),(25,335),(26,335),(27,335),(28,335),(16,370),(17,370),(18,370),(19,370),(20,370),(21,370),(22,370),(23,370),(24,370),(25,370),(26,370),(27,370),(28,370);
/*!40000 ALTER TABLE `CF_JT_CRITICAL_ALERT_LIST_ALERT` ENABLE KEYS */;
UNLOCK TABLES;





--
-- Dumping data for table `MD_APP`
--

LOCK TABLES `MD_APP` WRITE;
/*!40000 ALTER TABLE `MD_APP` DISABLE KEYS */;
INSERT INTO `MD_APP` VALUES (1,1964,'myScheduling','AO'),(2,2109,'ABACUS Demand Supply Management','NAO'),(3,2133,'Enterprise Batch Integration','AO'),(4,2277,'SAP Desktop','NAO'),(5,2613,'Manage myEngagements','NAO'),(6,2700,'MyTimeandExpenses','NAO'),(7,2764,'SCOM','AO'),(8,3414,'SAP Identity Manager','NAO'),(9,3560,'Accenture Alert','AO'),(10,3895,'CIO Enterprise Scheduling','AO'),(11,4229,'Next Generation accenture.com','AO'),(12,4699,'HPDP for AM','NAO');
/*!40000 ALTER TABLE `MD_APP` ENABLE KEYS */;
UNLOCK TABLES;

--
-- Dumping data for table `MD_COMPONENT`
--

LOCK TABLES `MD_COMPONENT` WRITE;
/*!40000 ALTER TABLE `MD_COMPONENT` DISABLE KEYS */;
INSERT INTO `MD_COMPONENT` VALUES (1,1964,'DB Group',1),(2,1964,'Web Group',1),(3,1964,'Application Group',1),(7,2109,'DB Group',2),(8,2109,'Web Group',2),(9,2109,'Application Group',2),(13,2133,'DB Group',3),(14,2133,'Web Group',3),(15,2133,'Application Group',3),(19,2277,'DB Group',4),(20,2277,'Web Group',4),(21,2277,'Application Group',4),(24,2613,'DB Group',5),(25,2613,'Web Group',5),(26,2613,'Application Group',5),(30,2700,'DB Group',6),(31,2700,'Web Group',6),(32,2700,'Application Group',6),(36,2764,'DB Group',7),(37,2764,'Web Group',7),(38,2764,'Application Group',7),(42,3414,'DB Group',8),(43,3414,'Web Group',8),(44,3414,'Application Group',8),(48,3560,'DB Group',9),(49,3560,'Web Group',9),(50,3560,'Application Group',9),(54,3895,'DB Group',10),(55,3895,'Web Group',10),(56,3895,'Application Group',10),(60,4229,'DB Group',11),(61,4229,'Web Group',11),(62,4229,'Application Group',11),(64,4699,'DB Group',12),(65,4699,'Web Group',12),(66,4699,'Application Group',12);
/*!40000 ALTER TABLE `MD_COMPONENT` ENABLE KEYS */;
UNLOCK TABLES;

--
-- Dumping data for table `MD_SCOM_METRIC`
--

LOCK TABLES `MD_SCOM_METRIC` WRITE;
/*!40000 ALTER TABLE `MD_SCOM_METRIC` DISABLE KEYS */;
INSERT INTO `MD_SCOM_METRIC` VALUES (1,'','Data File(s) Size (KB)'),(2,'','Private Bytes'),(3,'','DB Log File Allocated Space Left (%)'),(4,'','DB Log File Free Space (MB)'),(5,'','Number of Deadlocks/sec'),(6,'','Buffer cache hit ratio'),(7,'','Lock Waits/sec'),(8,'','DB Log File Allocated Space Left (MB)'),(9,'','Lock Timeouts/sec'),(10,'','Buffer cache hit ratio'),(11,'','Number of Deadlocks/sec'),(12,'','Lock Waits/sec'),(13,'','Send Queue % Used'),(14,'','Send Queue Size'),(15,'','DB File Free Space (%)'),(16,'','DB Log File Free Space (%)'),(17,'','DB Total Free Space (%)'),(18,'','DB Allocated Size (MB)'),(19,'','DB File Allocated Space Left (%)'),(20,'','DB Total Free Space (MB)'),(21,'','DB File Allocated Space Left (MB)'),(22,'scom.proc.time','% Processor Time'),(23,'','DB File Free Space (MB)'),(24,'','DB File Group Allocated Space Left (%)'),(25,'','DB File Group Free Space (MB)'),(26,'','DB File Group Free Space (%)'),(27,'','DB File Group Allocated Space Left (MB)'),(28,'','Bytes Total/sec'),(29,'','Data File(s) Size (KB)'),(30,'','PercentBandwidthUsedTotal'),(31,'','Workflow Count'),(32,'','Module Count'),(33,'','Lock Timeouts/sec'),(34,'','Enqueued Transport Msgs/sec'),(35,'','SQL SENDs/sec'),(36,'','SQL Re-Compilations/sec'),(37,'','Broker Transaction Rollbacks'),(38,'','SQL RECEIVEs/sec'),(39,'','Message Fragment Receives/sec'),(40,'','Open Connection Count'),(41,'','Receive I/Os/sec'),(42,'','Enqueued Messages/sec'),(43,'','Send I/Os/sec'),(44,'','Lock Requests/sec'),(45,'','Tasks Aborted/sec'),(46,'','Message Fragment Sends/sec'),(47,'','Transactions/sec'),(48,'','Task Limit Reached/sec'),(49,'','Tasks Started/sec'),(50,'','SQL Compilations/sec'),(51,'','Stored Procedures Invoked/sec'),(52,'','Task Limit Reached'),(53,'','Logins/sec'),(54,'','User Connections'),(55,'','Lock Requests/sec'),(56,'','Transactions/sec'),(57,'','SQL Compilations/sec'),(58,'','SQL Re-Compilations/sec'),(59,'','Stored Procedures Invoked/sec'),(60,'','Task Limit Reached'),(61,'','Task Limit Reached/sec'),(62,'','Tasks Aborted/sec'),(63,'','Tasks Started/sec'),(64,'','Broker Transaction Rollbacks'),(65,'','Enqueued Messages/sec'),(66,'','Enqueued Transport Msgs/sec'),(67,'','SQL RECEIVEs/sec'),(68,'','SQL SENDs/sec'),(69,'','Message Fragment Receives/sec'),(70,'','Message Fragment Sends/sec'),(71,'','Open Connection Count'),(72,'','Receive I/Os/sec'),(73,'','Send I/Os/sec'),(74,'','User Connections'),(75,'','PercentBandwidthUsedTotal'),(76,'','Data File(s) Size (KB)'),(77,'','ProcMem'),(78,'scom.disk.free','% Free Space'),(79,'','Free Megabytes'),(80,'scom.mem.used','RAM Percentage Used'),(81,'','DB File Group Free Space (MB)'),(82,'','Current Bandwidth'),(83,'','% Sql Retries / Hour'),(84,'','Disk Bytes/sec'),(85,'','Bind Data Source Item Drop Rate'),(86,'','DB Log File Allocated Space Left (MB)'),(87,'','DB Log File Allocated Space Left (%)'),(88,'','DB Log File Free Space (MB)'),(89,'','Current Bandwidth'),(90,'','Large Object Heap size'),(91,'','# Bytes in all Heaps'),(92,'','Disk Write Bytes/sec'),(93,'','DB Log File Free Space (%)'),(94,'','DB File Group Free Space (%)'),(95,'','DB Allocated Size (MB)'),(96,'','DB Total Free Space (MB)'),(97,'','DB Total Free Space (%)'),(98,'','DB File Allocated Space Left (MB)'),(99,'','DB File Allocated Space Left (%)'),(100,'','DB File Free Space (MB)'),(101,'','DB File Free Space (%)'),(102,'','DB File Group Allocated Space Left (MB)'),(103,'','DB File Group Allocated Space Left (%)'),(104,'','DB Log File Allocated Space Left (%)'),(105,'','DB Log File Free Space (%)'),(106,'','DB File Free Space (%)'),(107,'','DB File Group Allocated Space Left (MB)'),(108,'','DB File Group Allocated Space Left (%)'),(109,'','DB File Group Free Space (MB)'),(110,'','DB File Group Free Space (%)'),(111,'','DB Allocated Size (MB)'),(112,'','DB Total Free Space (%)'),(113,'','Private Bytes'),(114,'','Virtual Bytes'),(115,'','PercentBandwidthUsedTotal'),(116,'','Executing Time/Page Request'),(117,'','Buffers spooled'),(118,'','Rows read'),(119,'','Rows written'),(120,'','Lock Timeouts/sec'),(121,'','Lock Waits/sec'),(122,'','Buffer cache hit ratio'),(123,'','DB Total Free Space (MB)'),(124,'','DB Log File Free Space (MB)'),(125,'','DB Log File Allocated Space Left (MB)'),(126,'','Number of Deadlocks/sec'),(127,'','DB File Allocated Space Left (MB)'),(128,'','DB File Allocated Space Left (%)'),(129,'','DB File Free Space (MB)'),(130,'','Cache Hit Ratio'),(131,'','Process'),(132,'','Rows written/sec'),(133,'','Avg time/query'),(134,'','Rows sent/sec'),(135,'','Memory Limit High KB'),(136,'','Concurrent DM queries'),(137,'','Rows read/sec'),(138,'','Current models processing'),(139,'','Bytes sent/sec'),(140,'','Current connections'),(141,'scom.proc.time','% Processor Time'),(142,'','Current connections'),(143,'','Current models processing'),(144,'','Concurrent DM queries'),(145,'','Memory Limit High KB'),(146,'','Rows read/sec'),(147,'','Rows written/sec'),(148,'','Avg time/query'),(149,'','Bytes sent/sec'),(150,'','Rows sent/sec'),(151,'','Batches/sec'),(152,'','Total Error Count'),(153,'','Free Megabytes'),(154,'scom.disk.free','% Free Space'),(155,'','Current Bandwidth'),(156,'','% Idle Time'),(157,'scom.proc.time','% Processor Time'),(158,'','IO Read Operations/sec'),(159,'','IO Write Operations/sec'),(160,'','Buffer cache hit ratio'),(161,'','Page Reads/sec'),(162,'','Page Writes/sec'),(163,'','Avg. Disk Queue Length'),(164,'scom.disk.transfer','Avg. Disk sec/Transfer'),(165,'','Current Disk Queue Length'),(166,'','Disk Bytes/sec'),(167,'','Batch Size'),(168,'','Data Items/sec'),(169,'','Errors/sec'),(170,'','Avg. Batch Processing Time, ms'),(171,'','Avg. Batch Size'),(172,'','Batch Age, sec'),(173,'','Logical Disk Bytes/sec'),(174,'','Disk Read Bytes/sec'),(175,'','Disk Reads/sec'),(176,'','Disk Transfers/sec'),(177,'','Disk Write Bytes/sec'),(178,'','Disk Writes/sec'),(179,'','Free Megabytes'),(180,'','% Free Inodes'),(181,'','% Free Space'),(182,'','% Used Inodes'),(183,'','% Used Space'),(184,'','Used Megabytes'),(185,'','Bytes Received/Sec'),(186,'','Bytes Sent/Sec'),(187,'','Bytes Total/Sec'),(188,'','Available MBytes Memory'),(189,'','Available MBytes Swap'),(190,'','Page Reads/sec'),(191,'','Pages/sec'),(192,'','Page Writes/sec'),(193,'','% Available Memory'),(194,'','% Available Swap Space'),(195,'','% Used Memory'),(196,'','% Used Swap Space'),(197,'','% DPC Time'),(198,'','% Idle Time'),(199,'','% Interrupt Time'),(200,'','% IO Wait Time'),(201,'','% Nice Time'),(202,'','% Privileged Time'),(203,'scom.proc.time','% Processor Time'),(204,'','% User Time'),(205,'','Used MBytes Swap Space'),(206,'','Used Memory MBytes'),(207,'','Average execution time'),(208,'','Cache hit ratio'),(209,'','Cache size'),(210,'','Calls per second'),(211,'','Last cache refresh time'),(212,'','Maximum cache refresh time'),(213,'','Maximum cache size'),(214,'','Web method calls'),(215,'','Web method exceptions'),(216,'','Available worker threads.'),(217,'','Computer rollups received'),(218,'','Computer rollups received (full)'),(219,'','Computer rollups received (partial)'),(220,'','Computer status rollups received'),(221,'','Computer status rollups received (delta)'),(222,'','Computer status rollups received (full)'),(223,'','Computer status rollups received (minor)'),(224,'','Events per Second Dispatched'),(225,'','Events per Second Handled (Debug)'),(226,'','Events per Second Inserted into the Database (Raw Database)'),(227,'','Events per Second Processed (Raw Database)'),(228,'','Events per Second Processed (Update Status)'),(229,'','Events per Second Queued'),(230,'','Events per Second Reported'),(231,'','Invalid Batches Dropped'),(232,'','Number of Events in Queue'),(233,'','Outstanding handler calls'),(234,'','Oversized Batches Dropped'),(235,'','Queue Dequeue %'),(236,'','Queue Enqueue Thread Count'),(237,'','Queue Locked %'),(238,'','ReportEvent Calls per Second'),(239,'','Server rollups received'),(240,'','Web method calls'),(241,'','Web method exceptions'),(242,'','Average execution time'),(243,'','Bytes per second'),(244,'','Calls per second'),(245,'','Maximum execution time'),(246,'','Average execution time'),(247,'','Calls per second'),(248,'','Maximum execution time'),(249,'','Lock Requests/sec'),(250,'','Transactions/sec'),(251,'','SQL Compilations/sec'),(252,'','SQL Re-Compilations/sec'),(253,'','Stored Procedures Invoked/sec'),(254,'','Task Limit Reached'),(255,'','Task Limit Reached/sec'),(256,'','Tasks Aborted/sec'),(257,'','Tasks Started/sec'),(258,'','Broker Transaction Rollbacks'),(259,'','Enqueued Messages/sec'),(260,'','Enqueued Transport Msgs/sec'),(261,'','SQL RECEIVEs/sec'),(262,'','SQL SENDs/sec'),(263,'','Message Fragment Receives/sec'),(264,'','Message Fragment Sends/sec'),(265,'','Open Connection Count'),(266,'','Receive I/Os/sec'),(267,'','Send I/Os/sec'),(268,'','ISAPI Extension Requests/sec'),(269,'','Handle Count'),(270,'','Queries'),(271,'','Queries Succeeded'),(272,'','Total Method Requests/sec'),(273,'','Bytes Received/sec'),(274,'','Bytes Sent/sec'),(275,'','Connection Attempts/sec'),(276,'','% Privileged Time'),(277,'','Disk Writes/sec'),(278,'','Avg. Disk Bytes/Read'),(279,'','Avg. Disk Bytes/Write'),(280,'scom.mem.free','Available MBytes'),(281,'','Cache Bytes'),(282,'','% Idle Time'),(283,'','Bytes Received/sec'),(284,'','Bytes Sent/sec'),(285,'','Bytes Total/sec'),(286,'','Output Queue Length'),(287,'','Page Faults/sec'),(288,'','Packets Received/sec'),(289,'','Packets Sent/sec'),(290,'','Web method exceptions'),(291,'scom.proc.time','% Processor Time'),(292,'','System Up Time'),(293,'','Handle Count'),(294,'','Open Connections'),(295,'','Total online clients'),(296,'','Thread Count'),(297,'','Working Set Peak'),(298,'','Bind Data Source Item Incoming Rate'),(299,'','Bytes Received from Replica/sec'),(300,'','Bytes Sent to Replica/sec'),(301,'','Bytes Sent to Transport/sec'),(302,'','File Bytes Received/sec'),(303,'','Flow Control/sec'),(304,'','Flow Control Time (ms/sec)'),(305,'','Log Bytes Received/sec'),(306,'','Log remaining for undo'),(307,'','Log Send Queue'),(308,'','Mirrored Write Transactions/sec'),(309,'','Receives from Replica/sec'),(310,'','Resent Messages/sec'),(311,'','Recovery Queue'),(312,'','Redo blocked/sec'),(313,'','Redo Bytes Remaining'),(314,'','Redone Bytes/sec'),(315,'','Sends to Replica/sec'),(316,'','Sends to Transport/sec'),(317,'','Total Log requiring undo'),(318,'','Transaction Delay'),(319,'','Response Time (ms)'),(320,'','Current Connections'),(321,'','% Idle Time'),(322,'','Avg. Disk Queue Length'),(323,'','Free Megabytes'),(324,'scom.disk.free','% Free Space'),(325,'','Current Disk Queue Length'),(326,'scom.disk.transfer','Avg. Disk sec/Transfer'),(327,'','Current Disk Queue Length'),(328,'','% Idle Time'),(329,'','Avg. Disk Queue Length'),(330,'','Current Disk Queue Length'),(331,'','Avg. Disk sec/Transfer'),(332,'','Transaction Response Time'),(333,'','Disk Bytes/sec'),(334,'scom.disk.transfer','Avg. Disk sec/Transfer'),(335,'','Handle Count'),(336,'','Private Bytes'),(337,'scom.proc.time','% Processor Time'),(338,'','Bytes Total/sec'),(339,'scom.mem.free','Available MBytes'),(340,'','% Committed Bytes In Use'),(341,'','Disk Bytes/sec'),(342,'','Client Connections'),(343,'','Percent Processor Time'),(344,'','Private Bytes'),(345,'','Outbound Connections Current'),(346,'','Total Messages Submitted'),(347,'','Messages Delivered/sec'),(348,'','Messages Delivered/sec'),(349,'','Outbound Connections Current'),(350,'','Total Messages Submitted'),(351,'','Processor Queue Length'),(352,'','Free space / MB'),(353,'','Free space / Percent'),(354,'','Total size / MB'),(355,'','Active File Uploads'),(356,'','Avg. Batch Size'),(357,'','Avg. Processing Time'),(358,'','Pages/sec'),(359,'','Split IO/Sec'),(360,'scom.mem.free','Available MBytes'),(361,'','Bind Data Source Item Post Rate'),(362,'','Bytes Received'),(363,'','Bytes Transmitted'),(364,'scom.proc.time','% Processor Time'),(365,'','Bytes Total/sec'),(366,'','Current Connections'),(367,'','Avg. Batch Processing Time, ms'),(368,'','Avg. Batch Size'),(369,'','Batches/sec'),(370,'','Data Items/sec'),(371,'','Dropped Batch Count'),(372,'','Dropped Data Item Count'),(373,'','Errors/sec'),(374,'','Total Error Count'),(375,'','Memory Used By Tables (MB)'),(376,'','File Group Active Pairs'),(377,'','DB In-Memory OLTP File Group Available Space Total (%)'),(378,'','Web method calls'),(379,'','In-Memory OLTP File Group container free space (%)'),(380,'','User Resource Pool Memory Consumption (MB)'),(381,'','User Resource Memory Consumption (%)'),(382,'','In-Memory OLTP File Group container free space (MB)'),(383,'','Bytes Received from Replica/sec'),(384,'','Bytes Sent to Replica/sec'),(385,'','Bytes Sent to Transport/sec'),(386,'','File Bytes Received/sec'),(387,'','Flow Control/sec'),(388,'','Flow Control Time (ms/sec)'),(389,'','Log Bytes Received/sec'),(390,'','Log remaining for undo'),(391,'','Log Send Queue'),(392,'','Mirrored Write Transactions/sec'),(393,'','Receives from Replica/sec'),(394,'','Resent Messages/sec'),(395,'','Recovery Queue'),(396,'','Redo blocked/sec'),(397,'','Redo Bytes Remaining'),(398,'','Redone Bytes/sec'),(399,'','Sends to Replica/sec'),(400,'','Sends to Transport/sec'),(401,'','Total Log requiring undo'),(402,'','Transaction Delay'),(403,'','File Group Non Active Pairs'),(404,'','XTP Memory Used (KB)'),(405,'','Memory Used By Indexes (MB)'),(406,'','Memory Optimized Data Garbage Collection Fill Factor (%)'),(407,'','DB In-Memory OLTP File Group Available Space Total (MB)'),(408,'','Buffers spooled'),(409,'','Rows read'),(410,'','Rows written'),(411,'','NumberAgents'),(412,'','Free System Page Table Entries'),(413,'scom.proc.time','% Processor Time'),(414,'scom.proc.time','% Processor Time'),(415,'scom.mem.free','Available MBytes'),(416,'','Avg. Disk Queue Length'),(417,'','Avg. Disk sec/Read'),(418,'','Avg. Disk sec/Write'),(419,'','Disk Reads/sec'),(420,'','Disk Writes/sec'),(421,'','% Disk Read Time'),(422,'','% Disk Write Time'),(423,'','% Idle Time'),(424,'','Active File Downloads'),(425,'','Active File Uploads'),(426,'','Pages/sec'),(427,'','Inbound Connections Current'),(428,'','Inbound Connections Current'),(429,'','Message Bytes Received/sec'),(430,'','Message Bytes Sent/sec'),(431,'','Bytes Received/sec'),(432,'','Bytes Sent/sec'),(433,'','Bytes Total/sec'),(434,'','Bytes Received/sec'),(435,'','Bytes Sent/sec'),(436,'','Bytes Total/sec'),(437,'','Message Bytes Received/sec'),(438,'','Message Bytes Sent/sec'),(439,'','Messages Received/sec'),(440,'','Messages Sent/sec'),(441,'','Messages Received/sec'),(442,'','Messages Sent/sec'),(443,'','Bytes Received/sec'),(444,'','Bytes Sent/sec'),(445,'','Bytes Total/sec'),(446,'','Connection Attempts/sec'),(447,'','Current Connections'),(448,'','Total Method Requests/sec'),(449,'','Pool Nonpaged Bytes'),(450,'','Pool Paged Bytes'),(451,'','Processor Queue Length'),(452,'','agent processor utilization'),(453,'','Rows read'),(454,'','Rows written'),(455,'','Buffers spooled'),(456,'','Pool Nonpaged Bytes'),(457,'','% Committed Bytes In Use'),(458,'','PercentMemoryUsed'),(459,'','Pool Paged Bytes'),(460,'','Bytes Total/sec'),(461,'','AlertsCount'),(462,'','Bytes Received/sec'),(463,'','Bytes Sent/sec'),(464,'','Bytes Total/sec'),(465,'','Inbound Connections Current'),(466,'','Message Bytes Received/sec'),(467,'','Message Bytes Sent/sec'),(468,'','Messages Delivered/sec'),(469,'','Messages Received/sec'),(470,'','Messages Sent/sec'),(471,'','Outbound Connections Current'),(472,'','Total Messages Submitted'),(473,'','Bytes Received/sec'),(474,'','Bytes Sent/sec'),(475,'','Bytes Total/sec'),(476,'','Inbound Connections Current'),(477,'','Message Bytes Received/sec'),(478,'','Message Bytes Sent/sec'),(479,'','Messages Delivered/sec'),(480,'','Messages Received/sec'),(481,'','Messages Sent/sec'),(482,'','Outbound Connections Current'),(483,'','Total Messages Submitted'),(484,'','Bytes Received/sec'),(485,'','Bytes Sent/sec'),(486,'','Bytes Total/sec'),(487,'','Connection Attempts/sec'),(488,'','Current Connections'),(489,'','Total Method Requests/sec'),(490,'','Free System Page Table Entries'),(491,'','PercentMemoryUsed'),(492,'','Content Size'),(493,'','Content Time'),(494,'','DNS Resolution Time'),(495,'','Time To First Byte'),(496,'','Time To Last Byte'),(497,'','DB Avg. Disk ms/Write'),(498,'','Message Fragment Sends/sec'),(499,'','Sweep scans started/sec'),(500,'','Outstanding HTTP Storage IO'),(501,'','Send I/Os/sec'),(502,'','Rows processed/sec (first in bucket and removed)'),(503,'','SQL RECEIVEs/sec'),(504,'','DB Transactions/sec'),(505,'','SQL Compilations/sec'),(506,'','Transfers/sec'),(507,'','Cursor unique violations/sec'),(508,'','Expired rows touched/sec'),(509,'','DB Transaction Log Available Space Total (%)'),(510,'','DB Available Outer Space (MB)'),(511,'','Cache memory target (KB)'),(512,'','Avg. microsec/Transfer'),(513,'','DB Active Requests'),(514,'','Max memory (KB)'),(515,'','DB File Allocated Space Unused (%)'),(516,'','DB Active Sessions'),(517,'','DB File Allocated Space Unused (MB)'),(518,'','Parallel GC work item/sec'),(519,'','Used memory (KB)'),(520,'','Task Limit Reached'),(521,'','Cursor updates/sec'),(522,'','Dusty corner scan retries/sec (GC-issued)'),(523,'','Merge Policy Evaluations'),(524,'','SQL Re-Compilations/sec'),(525,'','Active memory grants count'),(526,'','DB Allocated Space (MB)'),(527,'','Save point refreshes/sec'),(528,'','Main GC work items/sec'),(529,'','Page life expectancy'),(530,'','Active Memory grant amount (KB)'),(531,'','Rows processed/sec (first in bucket)'),(532,'','Tasks Started/sec'),(533,'','Memory grants/sec'),(534,'','CPU Utilization (%)'),(535,'','Lock Requests/sec'),(536,'','Cursor write conflicts/sec'),(537,'','Sweep expiring rows touched/sec'),(538,'','Writes/sec'),(539,'','Average Wait Time (ms)'),(540,'','DB File Group Allocated Space Unused (%)'),(541,'','Read Bytes/Sec'),(542,'','Message Fragment Receives/sec'),(543,'','SQL SENDs/sec'),(544,'','DB Log File Available Space Total (MB)'),(545,'','Transaction validation failures/sec'),(546,'','DB File Available Space Total (MB)'),(547,'','Logins/sec'),(548,'','User Connections'),(549,'','Log bytes written/sec'),(550,'','Pending memory grants count'),(551,'','Total Bytes/sec'),(552,'','Transactions/sec'),(553,'','Commit dependencies taken/sec'),(554,'','Avg. Bytes/Write'),(555,'','Cursor scans started/sec'),(556,'','Rows processed/sec'),(557,'','Write Bytes/Sec'),(558,'','DB Active Connections'),(559,'','DB File Group Available Space Total (%)'),(560,'','DB File Available Space Total (%)'),(561,'','Buffers spooled'),(562,'','Rows read'),(563,'','Rows written'),(564,'','Enqueued Messages/sec'),(565,'','Sweep expired rows touched/sec'),(566,'','Cursor inserts/sec'),(567,'','Lock Timeouts/sec'),(568,'','Cursor deletes/sec'),(569,'','Transactions aborted by user/sec'),(570,'','Checkpoints Closed'),(571,'','Tentatively-deleted rows touched/sec'),(572,'','Stolen Server Memory (MB)'),(573,'','Open Connection Count'),(574,'','Enqueued Transport Msgs/sec'),(575,'','DB File Group Allocated Space Unused (MB)'),(576,'','Avg. Bytes/Read'),(577,'','Lock Waits/sec'),(578,'','Thread count'),(579,'','Save points created/sec'),(580,'','Avg. microsec/Read'),(581,'','Tasks Aborted/sec'),(582,'','DB Log File Allocated Space Unused (%)'),(583,'','DB Log File Available Space Total (%)'),(584,'','DB Active Transactions'),(585,'','Merge Requests Outstanding'),(586,'','Memory grant timeouts/sec'),(587,'','Merges Installed'),(588,'','DB Allocated Space Used (MB)'),(589,'','Read-only transactions prepared/sec'),(590,'','Total Files Merged'),(591,'','Dusty corner scan retries/sec (user-issued)'),(592,'','Transactions created/sec'),(593,'','HTTP Storage IO Retry/sec'),(594,'','Stored Procedures Invoked/sec'),(595,'','Compile Memory Target (KB)'),(596,'','Merges Abandoned'),(597,'','Rows processed/sec (no sweep needed)'),(598,'','Avg. microsec/Write'),(599,'','Expired rows removed/sec'),(600,'','Buffer cache hit ratio'),(601,'','Transactions aborted/sec'),(602,'','Rows processed/sec (marked for unlink)'),(603,'','DB Allocated Space Unused (MB)'),(604,'','DB Available Space Total (MB)'),(605,'','Reads/sec'),(606,'','Rows returned/sec'),(607,'','Task Limit Reached/sec'),(608,'','Transfers/sec'),(609,'','Free System Page Table Entries'),(610,'scom.mem.free','Available MBytes'),(611,'','Pages/sec'),(612,'','% Committed Bytes In Use'),(613,'','Pool Nonpaged Bytes'),(614,'','Pool Paged Bytes'),(615,'','Processor Queue Length'),(616,'scom.proc.time','% Processor Time'),(617,'','Cascading aborts/sec'),(618,'','Sweep expired rows removed/sec'),(619,'','Number of Deadlocks/sec'),(620,'','Broker Transaction Rollbacks'),(621,'','DB File Group Available Space Total (MB)'),(622,'','Core Merges Completed'),(623,'','Query exec memory target (KB)'),(624,'','Target memory (KB)'),(625,'','Checkpoints Completed'),(626,'','Receive I/Os/sec'),(627,'','DB Log File Allocated Space Unused (MB)'),(628,'','Save point rollbacks/sec'),(629,'','Rows touched/sec'),(630,'','Sweep rows touched/sec'),(631,'','DB Avg. Disk ms/Read'),(632,'','DB Available Space Total (%)'),(633,'','Log records written/sec'),(634,'','Average time taken for Project Open'),(635,'','Percentage of incremental save to full save'),(636,'','Private Bytes'),(637,'','Working Set'),(638,'','% Jobs Failed / Hour'),(639,'','Virtual Bytes'),(640,'','Private Bytes'),(641,'scom.proc.time','% Processor Time'),(642,'','% Committed Bytes In Use'),(643,'','Worker Process Restarts'),(644,'','In Memory Templates Cached'),(645,'','Templates Cached'),(646,'','% Usage'),(647,'','Cache Total Entries'),(648,'','Cache Total Hit Ratio'),(649,'','Connection Attempts/sec'),(650,'scom.disk.free','% Free Space'),(651,'','Worker Process Restarts'),(652,'','Current ISAPI Extension Requests'),(653,'scom.proc.time','% Processor Time'),(654,'scom.proc.time','% Processor Time'),(655,'','User Connections'),(656,'','Processor Queue Length'),(657,'','% User Time'),(658,'','Interrupts/sec'),(659,'','Current Connections'),(660,'','Pages/sec'),(661,'','% Time in GC'),(662,'','Finalization Survivors'),(663,'','Context Switches/sec'),(664,'scom.proc.time','% Processor Time'),(665,'','Cache Faults/sec'),(666,'','Disk Reads/sec'),(667,'','Disk Read Bytes/sec'),(668,'','Requests/Sec'),(669,'','% Disk Time'),(670,'','% Sql Retries / Day'),(671,'','Average Wait Time / Minute'),(672,'','% Jobs Failed / Day'),(673,'','Documents processed'),(674,'','Documents received'),(675,'','Orchestrations rehydrated/sec'),(676,'','Documents received/Sec'),(677,'','Orchestrations dehydrated/sec'),(678,'','Documents processed/Sec'),(679,'','Documents suspended/Sec'),(680,'','Orchestrations discarded/sec'),(681,'','Orchestrations completed/sec'),(682,'','Bytes sent/Sec'),(683,'','Database transactions/sec'),(684,'','Messages received/Sec'),(685,'','Orchestrations suspended/sec'),(686,'','Orchestrations dehydrated'),(687,'','Orchestrations rehydrated'),(688,'','Orchestrations discarded'),(689,'','Database transactions'),(690,'','Idle orchestrations'),(691,'','Orchestrations suspended'),(692,'','Megabytes allocated virtual memory'),(693,'','Runnable orchestrations'),(694,'','Running orchestrations'),(695,'','Messages received'),(696,'','Orchestrations completed'),(697,'','Pending messages'),(698,'','MessageBox databases connection failures'),(699,'','Pending work items'),(700,'','Request/Response timeouts'),(701,'','Documents suspended'),(702,'','Orchestrations created'),(703,'','Dehydratable orchestrations'),(704,'','Dehydrating orchestrations'),(705,'','Megabytes allocated private memory'),(706,'','Instances - Total Number'),(707,'','Tracking Data Size'),(708,'','Host Queue - Length'),(709,'','% Idle Time'),(710,'','ID Process'),(711,'','Avg. Disk Queue Length'),(712,'','Spool Size'),(713,'','% used physical memory'),(714,'','Active receive locations'),(715,'','Bytes received'),(716,'','Messages received'),(717,'','Orchestrations resident in-memory'),(718,'','Messages sent'),(719,'','Messages received'),(720,'','Messages received'),(721,'','Messages received'),(722,'','Messages sent'),(723,'','Messages sent'),(724,'','Messages sent'),(725,'','Bytes sent'),(726,'','Bytes received'),(727,'','Bytes sent'),(728,'','Messages received'),(729,'','Messages received'),(730,'','Bytes received'),(731,'','Messages sent'),(732,'','Bytes sent'),(733,'','Active sessions'),(734,'','Messages received'),(735,'','Messages sent'),(736,'','Messages sent'),(737,'','Bytes received'),(738,'','Messages sent'),(739,'','Host Queue - Suspended Msgs - Length'),(740,'','Host Queue - Instance State Msg Refs - Length'),(741,'','Host Queue - Number of Instances'),(742,'','Messages sent/Sec'),(743,'','Messages sent/Sec'),(744,'','Messages sent/Sec'),(745,'','Messages sent/Sec'),(746,'','Messages sent/Sec'),(747,'','Messages sent/Sec'),(748,'','MsgBox Dead Processes Cleanup (Purge Jobs)'),(749,'','Messages received/Sec'),(750,'','Bytes received/Sec'),(751,'','Messages received/Sec'),(752,'','Inbound Latency (sec)'),(753,'','Tracking Spool Cleanup (Purge Jobs)'),(754,'','Messages received/Sec'),(755,'','Messages received/Sec'),(756,'','Messages received/Sec'),(757,'','Request-Response Latency (sec)'),(758,'','Messages sent/Sec'),(759,'','Bytes received/Sec'),(760,'','Orchestrations created/sec'),(761,'','Messages received/Sec'),(762,'','Bytes received/Sec'),(763,'','Bytes sent/Sec'),(764,'','Messages sent/Sec'),(765,'','Bytes sent/Sec'),(766,'','Messages received/Sec'),(767,'','Outbound Adapter Latency (sec)'),(768,'','Bytes received/Sec'),(769,'','Tracked Msgs Copy (Purge Jobs)'),(770,'','MsgBox Parts Cleanup (Purge Jobs)'),(771,'','MsgBox Msg Cleanup (Purge Jobs)'),(772,'scom.proc.time','% Processor Time'),(773,'','Total Failed Events'),(774,'','Total Records'),(775,'','Total Events'),(776,'','Duration of Probing (sec)'),(777,'','Duration of Processing (sec)'),(778,'','Duration Total (sec)'),(779,'','Blob Cache fill ratio'),(780,'','Total number of cache compactions'),(781,'','Executing Time/Page Request'),(782,'','Blob cache flushes / second'),(783,'','Artifact resolution Requests'),(784,'','Artifact resolution Requests/sec'),(785,'','Federation Metadata Requests'),(786,'','Federation Metadata Requests/sec'),(787,'','Token Requests'),(788,'','Token Requests/sec'),(789,'scom.proc.time','% Processor Time'),(790,'','% Committed Bytes In Use'),(791,'','Pages/sec'),(792,'','PercentMemoryUsed'),(793,'','Free System Page Table Entries'),(794,'scom.mem.free','Available MBytes'),(795,'','Pool Paged Bytes'),(796,'','Errors Total/Sec'),(797,'','Requests Not Found'),(798,'','Bytes Total/sec'),(799,'','Pool Nonpaged Bytes'),(800,'','Current Connections'),(801,'','Processor Queue Length'),(802,'','Bytes Total/sec'),(803,'','Message Bytes Received/sec'),(804,'','Message Bytes Sent/sec'),(805,'','Bytes Received/sec'),(806,'','Bytes Sent/sec'),(807,'','Bytes Total/sec'),(808,'','Inbound Connections Current'),(809,'','Message Bytes Received/sec'),(810,'','Message Bytes Sent/sec'),(811,'','Messages Delivered/sec'),(812,'','Messages Received/sec'),(813,'','Messages Sent/sec'),(814,'','Outbound Connections Current'),(815,'','Total Messages Submitted'),(816,'','Bytes Total/sec'),(817,'','Current Connections'),(818,'','Bytes Total/sec'),(819,'','Current Connections'),(820,'','Total Count'),(821,'','Available Capacity Percent'),(822,'','Consumed Capacity'),(823,'','Subscribed Capacity Percent'),(824,'','Consumed Capacity Percent'),(825,'','Subscribed Capacity'),(826,'','Total Count'),(827,'','Available Capacity'),(828,'','Ifs Available Bytes'),(829,'','Ifs Free Bytes'),(830,'','Cluster Ifs InBitsPerSecond'),(831,'','Cluster Ifs In Bytes'),(832,'','Cluster Ifs OutBitsPerSecond'),(833,'','Cluster Ifs Out Bytes'),(834,'','Ifs Total Bytes'),(835,'','Ifs Used Bytes'),(836,'','Cluster Network In Bits/Second'),(837,'','Cluster Network In Bytes'),(838,'','Cluster Network Out Bits/Second'),(839,'','Cluster Network Out Bytes'),(840,'','Cluster CPU Idle'),(841,'','Cluster CPU Interrupt'),(842,'','Cluster CPU Nice'),(843,'','Cluster CPU System'),(844,'','Cluster CPU User'),(845,'','InBits/Second'),(846,'','Ops/Second'),(847,'','OutBits/Second'),(848,'','Node Ifs InBitsPerSecond'),(849,'','Node Ifs In Bytes'),(850,'','Node Ifs OutBitsPerSecond'),(851,'','Node Ifs Out Bytes'),(852,'','Latency Average'),(853,'','Latency Max'),(854,'','Latency Min'),(855,'','Latency Std Dev'),(856,'','Network Node In Bits/Second'),(857,'','Node Network In Bytes'),(858,'','Network Node Out Bits/Second'),(859,'','Node Network Out Bytes'),(860,'','Out Bits/Second'),(861,'','Out Avg Bytes'),(862,'','Out Max Bytes'),(863,'','Out Std Dev Bytes'),(864,'','CPU Idle'),(865,'','CPU Interrupt'),(866,'','CPU Nice'),(867,'','CPU System'),(868,'','CPU User'),(869,'','Current models processing'),(870,'','Concurrent DM queries'),(871,'','Memory Limit High KB'),(872,'','Rows read/sec'),(873,'','Rows written/sec'),(874,'','Avg time/query'),(875,'','Bytes sent/sec'),(876,'','Rows sent/sec'),(877,'','Current connections'),(878,'','Active Sessions'),(879,'','Inactive Sessions'),(880,'','Total Sessions'),(881,'scom.proc.time','% Processor Time'),(882,'','Working Set'),(883,'','Private Bytes'),(884,'','Total Web Application Response Time'),(885,'','Total Web Application Response Time'),(886,'','Database Queue % Full'),(887,'','DB Loader Event Inserts/sec'),(888,'','DB String Cache Hit %'),(889,'','Database Queue Backoff Threshold in %'),(890,'','Database Queue Disconnect Threshold in %'),(891,'','Connected Clients'),(892,'','Incoming Events/sec'),(893,'','Logical Disk Bytes/sec'),(894,'','Disk Read Bytes/sec'),(895,'','Disk Reads/sec'),(896,'','Disk Transfers/sec'),(897,'','Disk Write Bytes/sec'),(898,'','Disk Writes/sec'),(899,'','Free Megabytes'),(900,'','% Free Inodes'),(901,'','% Free Space'),(902,'','% Used Inodes'),(903,'','% Used Space'),(904,'','% Free Space'),(905,'','Bytes Received/Sec'),(906,'','Bytes Sent/Sec'),(907,'','Bytes Total/Sec'),(908,'','Available MBytes Memory'),(909,'','Available MBytes Swap'),(910,'','Page Reads/sec'),(911,'','Pages/sec'),(912,'','Page Writes/sec'),(913,'','% Available Memory'),(914,'','% Available Swap Space'),(915,'','% Used Memory'),(916,'','% Used Swap Space'),(917,'','% DPC Time'),(918,'','% Idle Time'),(919,'','% Interrupt Time'),(920,'','% IO Wait Time'),(921,'','% Nice Time'),(922,'','% Privileged Time'),(923,'scom.proc.time','% Processor Time'),(924,'','% User Time'),(925,'','Used MBytes Swap Space'),(926,'','Used Memory MBytes'),(927,'','Volume Used Inodes (%)'),(928,'','Network data sent (KB/sec)'),(929,'','Controller average total latency (ms)'),(930,'','Write (operations/sec)'),(931,'','CIFS (operations/sec)'),(932,'','Network data received (KB/sec)'),(933,'','Disk data written (KB/sec)'),(934,'','Disk data read (KB/sec)'),(935,'','Controller average write latency (ms)'),(936,'','System CPU resource utilization (%)'),(937,'','NFS (operations/sec)'),(938,'','iSCSI (operations/sec)'),(939,'','Average processor utilization (%)'),(940,'','Read (operations/sec)'),(941,'','Total (operations/sec)'),(942,'','HTTP (operations/sec)'),(943,'','Total processor utilization (%)'),(944,'','Controller average read latency (ms)'),(945,'','FCP (operations/sec)'),(946,'','LUN average latency (ms)'),(947,'','Volume Used Space (%)'),(948,'','Number of MainMode SAs with user kerberos'),(949,'','Number of sticky connections'),(950,'','Disk Bytes/sec'),(951,'','Disk Read Bytes/sec'),(952,'','Disk Reads/sec'),(953,'','Disk Transfers/sec'),(954,'','Disk Write Bytes/sec'),(955,'','Disk Writes/sec'),(956,'','Free Megabytes'),(957,'','% Free Space'),(958,'','% Used Space'),(959,'','Used Megabytes'),(960,'','Bytes Received/Sec'),(961,'','Bytes Sent/Sec'),(962,'','Bytes Total/Sec'),(963,'scom.mem.free','Available MBytes'),(964,'scom.mem.free','Available MBytes'),(965,'','Page Reads/sec'),(966,'','Pages/sec'),(967,'','Page Writes/sec'),(968,'','% Available Memory'),(969,'','% Available Swap Space'),(970,'','% Used Memory'),(971,'','% Used Swap Space'),(972,'','% DPC Time'),(973,'','% Idle Time'),(974,'','% Interrupt Time'),(975,'','% IO Wait Time'),(976,'','% Nice Time'),(977,'','% Privileged Time'),(978,'scom.proc.time','% Processor Time'),(979,'','% User Time'),(980,'','Used MBytes'),(981,'','Used Memory MBytes'),(982,'','Group Average Latency (ms)'),(983,'','Group Committed Space (%)'),(984,'','Storage Efficiency (%)'),(985,'','Controller Committed Space (%)'),(986,'','Aggregate Committed Space (%)'),(987,'','Volume average latency (ms)'),(988,'','Storage Efficiency (%)'),(989,'scom.proc.time','% Processor Time'),(990,'scom.proc.time','% Processor Time'),(991,'','Private Bytes'),(992,'','Private Bytes'),(993,'','Private Bytes'),(994,'','Private Bytes'),(995,'','Private Bytes'),(996,'','Maximum documents per sec'),(997,'','Minimum documents per sec'),(998,'','API partial update operations'),(999,'','SCtl total allocated'),(1000,'','Maximum batch size'),(1001,'','API queue size'),(1002,'','Documents indexed'),(1003,'','API operations per sec'),(1004,'','API remove operations'),(1005,'','Documents in indexer'),(1006,'','Registered file receivers'),(1007,'','API operations'),(1008,'','Collections removed'),(1009,'','Size of documents'),(1010,'','API queue load'),(1011,'','Fixml fill rate'),(1012,'','API status update operations'),(1013,'','SCtl currently allocated'),(1014,'','Registered search controllers'),(1015,'','Last batch size'),(1016,'','Failed operations'),(1017,'','Active nodes'),(1018,'','Total searches'),(1019,'','Average time per search - ms'),(1020,'','Average uncached search time - ms'),(1021,'','Timeout percentage'),(1022,'','Active partitions'),(1023,'','QRServer Test Query Content Size'),(1024,'','QRServer Test Query Response Time'),(1025,'scom.proc.time','% Processor Time'),(1026,'scom.proc.time','% Processor Time'),(1027,'scom.proc.time','% Processor Time'),(1028,'scom.proc.time','% Processor Time'),(1029,'scom.proc.time','% Processor Time'),(1030,'','Pages/sec'),(1031,'','# of Queries/sec'),(1032,'','# of Requests/sec'),(1033,'','Average searches per minute'),(1034,'','Avg. Disk sec/Transfer'),(1035,'scom.proc.time','% Processor Time'),(1036,'scom.mem.free','Available MBytes'),(1037,'','Average search latency - ms'),(1038,'','Private Bytes'),(1039,'','Private Bytes'),(1040,'','Private Bytes'),(1041,'','Private Bytes'),(1042,'','Private Bytes'),(1043,'','Peak queries per sec'),(1044,'','# of Fail total queries/sec'),(1045,'','Average document sum latency - ms'),(1046,'','# of Fail system queries/sec'),(1047,'','# of Fail user queries/sec'),(1048,'','Average latency - ms'),(1049,'','Private Bytes'),(1050,'','Private Bytes'),(1051,'','Private Bytes'),(1052,'','Private Bytes'),(1053,'','Average latency last - ms'),(1054,'','Batches Processed'),(1055,'','Processing load'),(1056,'','Operations received'),(1057,'','Average dispatch time - ms'),(1058,'','Document processors busy'),(1059,'','Operation sets submitted'),(1060,'','Clients creating sessions'),(1061,'','Operations/sec'),(1062,'','Average processing time - ms'),(1063,'','Operations last period'),(1064,'','Document processors invalid'),(1065,'','Document processors'),(1066,'','Document processors unused'),(1067,'','Contributing Links'),(1068,'','Sites Served'),(1069,'','URIs Served'),(1070,'','Resource usage'),(1071,'','Wait queue length'),(1072,'scom.proc.time','% Processor Time'),(1073,'','Pending exclusion list'),(1074,'','Status code'),(1075,'','Instantiate count'),(1076,'','Active count'),(1077,'','Total documents'),(1078,'scom.proc.time','% Processor Time'),(1079,'scom.proc.time','% Processor Time'),(1080,'scom.proc.time','% Processor Time'),(1081,'scom.proc.time','% Processor Time'),(1082,'scom.proc.time','% Processor Time'),(1083,'scom.proc.time','% Processor Time'),(1084,'','Active documents'),(1085,'scom.proc.time','% Processor Time'),(1086,'scom.proc.time','% Processor Time'),(1087,'','Indexed per second'),(1088,'','Total resource count'),(1089,'','Server submitting to indexing dispatcher'),(1090,'','Resolving master contentdistributor'),(1091,'','Resolving dispatcher contentdistributor'),(1092,'','Total number of initializations'),(1093,'','Server processing'),(1094,'','Total number of completed reassigns'),(1095,'','Queue Full State'),(1096,'','Server initializing'),(1097,'','Total number started reassigns'),(1098,'','Batches Submitted'),(1099,'','Avg Wait Time'),(1100,'','Avg End-To-End Time'),(1101,'','Items Success'),(1102,'','Items Open'),(1103,'','Batches Ready'),(1104,'','Avg Submit Time'),(1105,'','Avg Callback Time'),(1106,'','Avg Init Time'),(1107,'','Batches Failed'),(1108,'','Batches Total'),(1109,'','Items Total'),(1110,'','Batches Success'),(1111,'','Batches Open'),(1112,'','DATABASE'),(1113,'','GENERAL'),(1114,'','NETWORKING'),(1115,'','METRIC'),(1116,'','Total Web Application Response Time'),(1117,'','Total Web Application Response Time'),(1118,'scom.proc.time','% Processor Time'),(1119,'scom.proc.time','% Processor Time'),(1120,'scom.proc.time','% Processor Time'),(1121,'scom.proc.time','% Processor Time'),(1122,'scom.proc.time','% Processor Time'),(1123,'scom.proc.time','% Processor Time'),(1124,'scom.proc.time','% Processor Time'),(1125,'scom.proc.time','% Processor Time'),(1126,'','PercentBandwidthUsedTotal'),(1127,'','Bytes Total/sec'),(1128,'','Bytes Total/sec'),(1129,'','Current Connections'),(1130,'','Avg. Disk Queue Length'),(1131,'','Megabytes allocated private memory'),(1132,'','ID Process'),(1133,'','Tracking Data Size'),(1134,'','MsgBox Msg Cleanup (Purge Jobs)'),(1135,'','Spool Size'),(1136,'','Tracking Spool Cleanup (Purge Jobs)'),(1137,'','Instances - Total Number'),(1138,'','Request-Response Latency (sec)'),(1139,'','Outbound Adapter Latency (sec)'),(1140,'','Total Records'),(1141,'','Inbound Latency (sec)'),(1142,'','Total Events'),(1143,'','Total Failed Events'),(1144,'','Orchestrations created/sec'),(1145,'','Orchestrations resident in-memory'),(1146,'','Active receive locations'),(1147,'','Documents received'),(1148,'','Pending messages'),(1149,'','Database transactions/sec'),(1150,'','Dehydrating orchestrations'),(1151,'','Idle orchestrations'),(1152,'','Orchestrations rehydrated/sec'),(1153,'','Orchestrations completed/sec'),(1154,'','Orchestrations suspended/sec'),(1155,'','Documents suspended'),(1156,'','Orchestrations discarded/sec'),(1157,'','Pending work items'),(1158,'','Documents suspended/Sec'),(1159,'','Documents received/Sec'),(1160,'','Database transactions'),(1161,'','Runnable orchestrations'),(1162,'','Orchestrations completed'),(1163,'','Orchestrations dehydrated/sec'),(1164,'','Orchestrations rehydrated'),(1165,'','Orchestrations created'),(1166,'','Running orchestrations'),(1167,'','Orchestrations suspended'),(1168,'','Documents processed/Sec'),(1169,'','Orchestrations dehydrated'),(1170,'','Orchestrations discarded'),(1171,'','Documents processed'),(1172,'','Request/Response timeouts'),(1173,'','MessageBox databases connection failures'),(1174,'','Dehydratable orchestrations'),(1175,'','% used physical memory'),(1176,'','Megabytes allocated virtual memory'),(1177,'','Host Queue - Length'),(1178,'','Host Queue - Instance State Msg Refs - Length'),(1179,'','Host Queue - Number of Instances'),(1180,'','Host Queue - Suspended Msgs - Length'),(1181,'','MsgBox Parts Cleanup (Purge Jobs)'),(1182,'','Tracked Msgs Copy (Purge Jobs)'),(1183,'','MsgBox Dead Processes Cleanup (Purge Jobs)'),(1184,'','% Idle Time'),(1185,'scom.proc.time','% Processor Time'),(1186,'','Virtual Bytes'),(1187,'','Client Connections Using Cache'),(1188,'','Private Bytes'),(1189,'','Client Connections'),(1190,'','Number Of Queued Requests'),(1191,'','Number Of Active Requests'),(1192,'scom.proc.time','% Processor Time'),(1193,'','Bytes Total/sec'),(1194,'','Current Connections'),(1195,'','Requests Not Found'),(1196,'','Requests/Sec'),(1197,'','Request Wait Time'),(1198,'','Bytes Total/sec'),(1199,'','Current Connections'),(1200,'','Page Writes/sec'),(1201,'','% Usage'),(1202,'','Context Switches/sec'),(1203,'','Page Reads/sec'),(1204,'','Avg. Disk sec/Write'),(1205,'','Avg. Disk sec/Read'),(1206,'','Disk Reads/sec'),(1207,'','Disk Writes/sec'),(1208,'','Bytes Received/sec'),(1209,'','Bytes Sent/sec'),(1210,'','agent processor utilization'),(1211,'','% Usage'),(1212,'','Disk Reads/sec'),(1213,'','Disk Writes/sec'),(1214,'','Avg. Disk sec/Write'),(1215,'','Avg. Disk sec/Read'),(1216,'','Total Web Application Response Time'),(1217,'scom.proc.time','% Processor Time'),(1218,'','Data Points in Memory'),(1219,'','Executing Trees'),(1220,'','Handle Count'),(1221,'','Private Bytes'),(1222,'','Waiting Trees'),(1223,'','Process'),(1224,'','Client Connections Using Cache'),(1225,'','Virtual Bytes'),(1226,'','Virtual Bytes'),(1227,'','Private Bytes'),(1228,'','Private Bytes'),(1229,'','Open Connections'),(1230,'','Virtual Bytes'),(1231,'','Private Bytes'),(1232,'','Buffer cache hit ratio'),(1233,'','Page Reads/sec'),(1234,'','Page Writes/sec'),(1235,'','Cache Hit Ratio'),(1236,'','IO Read Operations/sec'),(1237,'','IO Write Operations/sec'),(1238,'','Handle Count'),(1239,'','Split IO/Sec'),(1240,'scom.mem.free','Available MBytes'),(1241,'','Bind Data Source Item Post Rate'),(1242,'','Number Of Active Requests'),(1243,'','Bytes Received'),(1244,'','Bytes Transmitted'),(1245,'scom.proc.time','% Processor Time'),(1246,'scom.proc.time','% Processor Time'),(1247,'scom.proc.time','% Processor Time'),(1248,'scom.proc.time','% Processor Time'),(1249,'','Avg. Disk Queue Length'),(1250,'','Avg. Disk sec/Read'),(1251,'','Avg. Disk sec/Write'),(1252,'','Disk Reads/sec'),(1253,'','Disk Writes/sec'),(1254,'','% Disk Read Time'),(1255,'','% Disk Write Time'),(1256,'','% Idle Time'),(1257,'','Active File Downloads'),(1258,'','Active File Uploads'),(1259,'scom.proc.time','% Processor Time'),(1260,'','San Client Other SCSI Commands'),(1261,'','San Client KB Written 64 Bit'),(1262,'','San Client SCSI Write Commands'),(1263,'','San Client KB Read 64 Bit'),(1264,'','San Client SCSI Read Commands'),(1265,'','MEDIA - 000 - Global health'),(1266,'','MEDIA - 003 - Number of packets dropped by Secure RTP/sec'),(1267,'','#NAME?'),(1268,'','#NAME?'),(1269,'','#NAME?'),(1270,'','#NAME?'),(1271,'','#NAME?'),(1272,'','#NAME?'),(1273,'','#NAME?'),(1274,'','#NAME?'),(1275,'','#NAME?'),(1276,'','#NAME?'),(1277,'','#NAME?'),(1278,'','#NAME?'),(1279,'','#NAME?'),(1280,'','#NAME?'),(1281,'scom.proc.time','% Processor Time'),(1282,'','Private Bytes'),(1283,'','MEDIA - 001 - TCP disconnects because remote out of sync'),(1284,'','MEDIA - 002 - Relay allocation failures'),(1285,'','Total bytes in all queues'),(1286,'','Quota Pctg'),(1287,'','KBytes In Journal Queue'),(1288,'','Total messages in all queues'),(1289,'','Sessions'),(1290,'','KBytes In Queue'),(1291,'','Messages In Journal Queue'),(1292,'','Journal Quota Pctg'),(1293,'','Messages In Queue'),(1294,'','KBytes in Dead Letter Queue'),(1295,'','Messages in Dead Letter Queue'),(1296,'scom.proc.time','% Processor Time'),(1297,'','QMS - 002 - Total number of message transactions that failed'),(1298,'','CDR Service - 002 - Messages that failed validation'),(1299,'','CDR Service - 006 - Dropped messages from MQ'),(1300,'','CDR Service - 002 - Messages failed to be written to DB'),(1301,'scom.proc.time','% Processor Time'),(1302,'scom.proc.time','% Processor Time'),(1303,'','Private Bytes'),(1304,'','Private Bytes'),(1305,'','USrv - 000 - Queue Depth'),(1306,'scom.proc.time','% Processor Time'),(1307,'','USrv - 002 - Queue Latency (msec)'),(1308,'','CAS - 000 - Total number of mute/unmute announcements'),(1309,'','% Time in GC'),(1310,'','SIP - 013 - Incoming Messages Not Authenticated/sec'),(1311,'','SIP - 015 - Incoming Messages Not Authorized/sec'),(1312,'','SIP - 027 - Authentication System Errors/sec'),(1313,'','SIP - 000 - Average Holding Time For Incoming Messages'),(1314,'','SIP - 003 - Incoming Messages Held Above Low Watermark'),(1315,'','SIP - 004 - Incoming Messages Held Above High Watermark'),(1316,'','SIP - 006 - Incoming Messages Timed out'),(1317,'','SIP - 009 - Address space usage'),(1318,'','MEDIA - 001 - TCP disconnects because remote out of sync'),(1319,'','USrv - 014 - Total Dropped Requests'),(1320,'','USrv - 001 - Active Registered Endpoints'),(1321,'','USrv - 000 - Outstanding Outbound RPC Calls'),(1322,'','USrv - 013 - Average Outgoing Queue Delay (ms)'),(1323,'','USrv - 004 - Outstanding C3P transactions'),(1324,'','USrv - 023 - Transactions Timed-Out / sec'),(1325,'','USrv - 004 - Notifications in processing'),(1326,'','USrv - 011 - Factory Call Latency (msec)'),(1327,'','USrv - 019 - Create Conference Latency (msec)'),(1328,'','USrv - 021 - Allocation Latency (msec)'),(1329,'','USrv - 000 - Conference Count'),(1330,'','USrv - 001 - Active Conference Count'),(1331,'','USrv - 002 - Active Participant Count'),(1332,'','USrv - 003 - Active Focus Endpoint Count'),(1333,'','USrv - 004 - Active Mcu Session Count'),(1334,'','QMSAgent - 004 - Number of rejected metrics reports'),(1335,'','QMSAgent - 014 - Total number of metrics reports rejected by the external report consumer'),(1336,'','QMSAgent - 015 - Total number of failures occurred while sending reports to the external report consumer'),(1337,'','QMSAgent - 016 - Total number of reports that could not be sent to the external report consumer'),(1338,'','RGS - 001 - Current number of calls'),(1339,'','RoutingApps - 006 - Failed Exchange UM calls'),(1340,'','RoutingApps - 022 - Received 5XX from VOIP gateway'),(1341,'','RoutingApps - 025 - Calls failed due to gateway unavailability'),(1342,'','SIP - 006 - Connections Refused Due To Server Overload'),(1343,'','SIP - 007 - Connections Refused Due To Server Overload/Sec'),(1344,'','SIP - 000 - Connections Active'),(1345,'','SIP - 001 - TLS Connections Active'),(1346,'','SIP - 017 - Sends Outstanding'),(1347,'','SIP - 018 - Sends Timed-Out'),(1348,'','SIP - 023 - Flow-controlled Connections'),(1349,'','SIP - 024 - Flow-controlled Connections Dropped'),(1350,'','SIP - 001 - Incoming Messages/sec'),(1351,'','SIP - 003 - Incoming Requests/sec'),(1352,'','SIP - 011 - Messages/sec Dropped Due To Certificate Mismatch'),(1353,'','SIP - 012 - Messages In Server'),(1354,'','SIP - 021 - Average Incoming Message Processing Time'),(1355,'','SIP - 026 - Incoming 504 Responses'),(1356,'','SIP - 052 - Local 500 Responses'),(1357,'','SIP - 054 - Local 503 Responses'),(1358,'','SIP - 055 - Local 503 Responses/sec'),(1359,'','SIP - 057 - Local 504 Responses/sec'),(1360,'','SIP - 002 - Security Association (SAs) Stored'),(1361,'','AVMCU - 000 - Number of Conferences'),(1362,'','AVMCU - 001 - Number of Users'),(1363,'','AVMCU - 002 - Number of Trusted Users'),(1364,'','AVMCU - 005 - MCU Health State'),(1365,'','CAA - 000 - Incomplete calls per sec'),(1366,'','CAA - 000 - Total incomplete calls'),(1367,'','CAA - 001 - Total Calls Received'),(1368,'','CAA - 002 - Current calls'),(1369,'','CAA - 003 - Total calls successfully transferred to the conference'),(1370,'','CAA - 004 - Total calls failed to transfer to the conference'),(1371,'','CAA - 005 - Current calls on Music-On-Hold'),(1372,'','CAA - 006 - Total calls on Music-On-Hold'),(1373,'','CAA - 007 - Total users timedout on Music-On-Hold'),(1374,'','CAA - 008 - Total calls from PSTN callers'),(1375,'','CAA - 009 - Total calls from UC client'),(1376,'','CAS - 001 - Total number of entry/exit announcements'),(1377,'','# Bytes in all heaps'),(1378,'','# GC Handles'),(1379,'','DATAMCU - 026 - Compliance errors'),(1380,'','DATAMCU - 031 - Resources over conference space limit'),(1381,'','DATAMCU - 038 - Number of Unhandled Application Exception'),(1382,'','DATAMCU - 041 - Session queues state'),(1383,'','DATAMCU - 005 - MCU Health State'),(1384,'','DLX - 015 - Invalid input requests'),(1385,'','DLX - 016 - Invalid input requests/sec'),(1386,'','DLX - 018 - Timed out Requests that fetch Security Descriptors/sec'),(1387,'','DLX - 024 - Soap exceptions/sec'),(1388,'','IMMCU - 020 - Throttled Sip Connections'),(1389,'','IMMCU - 005 - MCU Health State'),(1390,'','ACPMCU - 007 - Throttled Sip Connections'),(1391,'','ACPMCU - 005 - MCU Health State'),(1392,'','API - 026 - Transactions Pending Dispatch Completion'),(1393,'','Private Bytes'),(1394,'','Working Set'),(1395,'','Private Bytes'),(1396,'','Private Bytes'),(1397,'','Private Bytes'),(1398,'scom.proc.time','% Processor Time'),(1399,'scom.proc.time','% Processor Time'),(1400,'scom.proc.time','% Processor Time'),(1401,'scom.proc.time','% Processor Time'),(1402,'scom.proc.time','% Processor Time'),(1403,'','Private Bytes'),(1404,'','Private Bytes'),(1405,'','Private Bytes'),(1406,'','Private Bytes'),(1407,'','Private Bytes'),(1408,'','Private Bytes'),(1409,'scom.proc.time','% Processor Time'),(1410,'scom.proc.time','% Processor Time'),(1411,'scom.proc.time','% Processor Time'),(1412,'scom.proc.time','% Processor Time'),(1413,'','MEDIA - 003 - Number of packets dropped by Secure RTP/sec'),(1414,'','MEDIA - 002 - Relay allocation failures'),(1415,'','MEDIA - 000 - Global health'),(1416,'','MCX - 005 - Sessions failed to sign in'),(1417,'','MCX - 004 - Sessions Active'),(1418,'','CWA - 060 - Total AS sharing/viewing failed to start'),(1419,'','CWA - 014 - Logons denied due to server throttling'),(1420,'','CWA - 001 - Requests rejected due to invalid ticket / sec'),(1421,'','CWA - 007 - IWA auth logon failures'),(1422,'','CWA - 009 - Outstanding authorization attempts'),(1423,'','CWA - 012 - LDAP error total'),(1424,'','CWA - 000 - Outstanding searches'),(1425,'','CWA - 003 - LDAP errors'),(1426,'','CWA - 005 - Total searches denied because the configured limit was exceeded.'),(1427,'','CWA - 051 - Total OCS failure reported to event logs'),(1428,'','MCX - 006 - Sessions failed to sign in / sec'),(1429,'','CWA - 006 - Sessions signing in'),(1430,'','CWA - 003 - Forms auth logon failures'),(1431,'','CWA - 002 - Sessions'),(1432,'','CWA - 004 - Sessions failed to sign in'),(1433,'','CWA - 016 - Average latency for successful authorization'),(1434,'','CWA - 007 - Total sessions timed out'),(1435,'','CWA - 015 - Requests in processing'),(1436,'','CWA - 016 - Requests to nonexistent sessions'),(1437,'','CWA - 018 - Total requests failed'),(1438,'','MCX - 011 - Total sessions timed out'),(1439,'','MCX - 018 - Total instant messages failed to deliver'),(1440,'','MCX - 002 - Sessions'),(1441,'','Publishing cache hits / sec'),(1442,'','Requests/Sec'),(1443,'','Request Wait Time'),(1444,'','Page Reads/sec'),(1445,'','Page Writes/sec'),(1446,'','Requests/Sec'),(1447,'','Requests Current'),(1448,'','Request Wait Time'),(1449,'','Bytes Received/sec'),(1450,'','Bytes Sent/sec'),(1451,'','Bytes Total/sec'),(1452,'','Context Switches/sec'),(1453,'','Logins/sec'),(1454,'','Logins/sec'),(1455,'','agent processor utilization');
/*!40000 ALTER TABLE `MD_SCOM_METRIC` ENABLE KEYS */;
UNLOCK TABLES;

--
-- Dumping data for table `MD_SERVER`
--

LOCK TABLES `MD_SERVER` WRITE;
/*!40000 ALTER TABLE `MD_SERVER` DISABLE KEYS */;
INSERT INTO `MD_SERVER` VALUES (1,1964,'CTCVD6700',1),(2,1964,'CTCVD6701',1),(3,1964,'VA103299',3),(4,1964,'VRTVA23254',3),(5,1964,'VRTVD3584',1),(6,1964,'VRTVW20492',2),(7,1964,'VRTVW20493',2),(8,2109,'BG6DR5366',7),(9,2109,'BG6DR5489',8),(10,2109,'BG6DS1002',7),(11,2109,'BG6DS1235',7),(12,2109,'BG6VW1087',8),(13,2109,'POFDR1002',8),(14,2109,'POFDR1235',7),(15,2109,'POFDR1236',7),(16,2109,'POFDS1002',7),(17,2109,'POFVD1137',7),(18,2109,'SQL14BG6DS1235',7),(19,2109,'SQL14BG6DS1236',7),(20,2109,'SQL14POFDR1235',7),(21,2109,'SQL14POFDR1236',7),(22,2109,'VRTVW2044',8),(23,2109,'VRTVW5489',8),(24,2109,'VRTVW5649',8),(25,2109,'VRTVD25273',7),(26,2109,'VRTVD25224',7),(27,2109,'VRTVD5364',7),(28,2109,'VRTVD5366',7),(29,2133,'BG6VD1010',13),(30,2133,'CTCAP6700',15),(31,2133,'CTCAP6701',15),(32,2133,'CTCVW6441',14),(33,2133,'LRKDS1200',13),(34,2133,'LRKDS1201',13),(35,2133,'LRKVD1202',13),(36,2133,'LRKVD1203',13),(37,2133,'LRKVD1204',13),(38,2133,'POFDR1009',13),(39,2133,'VA102533',15),(40,2133,'VA102535',15),(41,2133,'VA102536',15),(42,2133,'VA102538',15),(43,2133,'VA102539',15),(44,2133,'VA103620',15),(45,2133,'VA103862',15),(46,2133,'VRTVA25235',15),(47,2133,'VRTVA25236',15),(48,2133,'VRTVA25237',15),(49,2133,'VRTVA25238',15),(50,2133,'VRTVA25239',15),(51,2133,'VRTVA25240',15),(52,2133,'VRTVA25271',15),(53,2133,'VRTVW25222',14),(54,2133,'POFDS3722',13),(55,2277,'VW103275',20),(56,2277,'VRTVD22056',19),(57,2277,'LRKDSPPR5',19),(58,2277,'LRKSAPPR10',21),(59,2277,'LRKSAPPR7',21),(60,2277,'LRKSAPPR8',21),(61,2277,'LRKSAPPR9',21),(62,2277,'CTCDSOSC5',19),(63,2277,'LRKWSPPR5',20),(64,2277,'LRKWSPPR6',20),(65,2613,'VA102081',26),(66,2613,'VRTVD25252',24),(67,2613,'VRTVD20454',24),(68,2613,'CTCDS6024',24),(69,2613,'CTCDS8250',24),(70,2613,'CTCVW6017',25),(71,2613,'CTCVW6018',25),(72,2613,'CTCVW6019',25),(73,2613,'CTCVW6020',25),(74,2613,'CTCVW6021',25),(75,2613,'CTCVW6022',25),(76,2613,'CTCVW6023',25),(77,2613,'CTCVW6024',25),(78,2613,'CTCVW6091',25),(79,2700,'CTCVW6092',31),(80,2700,'CTCVW6093',31),(81,2700,'CTCVW6094',31),(82,2700,'CTCVW6095',31),(83,2700,'CTCVW6096',31),(84,2700,'CTCVW6097',31),(85,2700,'CTCVW6099',31),(86,2700,'CTCVW6270',31),(87,2700,'CTCVW6271',31),(88,2700,'CTCVW6272',31),(89,2700,'VD104443',32),(90,2700,'VD104448',32),(91,2700,'VRTVA20208',32),(92,2700,'VRTVW22489',31),(93,2700,'VRTVW25013',31),(94,2700,'CTCAP2104',32),(95,2700,'VRTVW25337',31),(96,2700,'VRTVW25339',31),(97,2700,'VRTVW25672',31),(98,2700,'VRTVW25673',31),(99,2700,'VRTVW6688',31),(100,2700,'VRTVW7906',31),(101,2700,'VRTVW8210',31),(102,2700,'VRTVW8220',31),(103,2700,'VW104437',32),(104,2700,'VW104438',32),(105,2700,'VW104439',32),(106,2700,'VW104440',32),(107,2700,'VRTVA6950',30),(108,2700,'VRTVA6952',30),(109,2700,'VRTVA6953',32),(110,2700,'CTCVW6070',31),(111,2700,'CTCVW6071',31),(112,2700,'CTCVW6072',31),(113,2700,'CTCVW6074',31),(114,2700,'CTCVW6076',31),(115,2700,'CTCVW6077',31),(116,2700,'CTCVW6078',31),(117,2700,'CTCVW6079',31),(118,2764,'CTCVA1021',38),(119,2764,'CTCVA1022',38),(120,2764,'VRTVW4123',37),(121,2764,'VRTVW4124',37),(122,2764,'CTCVW6904',37),(123,2764,'STRVA5914',38),(124,2764,'STRVA6125',38),(125,2764,'STRVA6127',38),(126,2764,'STRVA6315',38),(127,2764,'STRVD6105',36),(128,2764,'STRVD6107',36),(129,2764,'STRVW6120',38),(130,2764,'STRVW6313',37),(131,2764,'VRTVA2018',38),(132,2764,'VRTVA25154',38),(133,2764,'VRTVW25085',37),(134,3414,'LRKDSUPR1',42),(135,3414,'LRKSAUPR1',42),(136,3414,'LRKSAUPR2',44),(137,3414,'LRKDNUPR2',43),(138,3560,'VRTVW2140',49),(139,3560,'VRTVW9848',49),(140,3560,'VRTVD2629',48),(141,3560,'VRTVW2625',49),(142,3560,'CTCMW6001',50),(143,3895,'VRTVA25006',56),(144,3895,'VRTVA25007',56),(145,3895,'CTCVD6903',54),(146,3895,'CTCVD6904',54),(147,3895,'VW103604',55),(148,3895,'VW103637',55),(149,3895,'VRTVA3854',56),(150,3895,'VRTVA3882',56),(151,3895,'VRTVA3953',56),(152,3895,'VRTVD0001',54),(153,3895,'VRTVD0002',54),(154,3895,'LRKVA0001',56),(155,3895,'LRKVA0002',56),(156,3895,'VRTVA0001',56),(157,3895,'VRTVA0002',56),(158,3895,'VA103574',56),(159,3895,'VA103602',56),(160,3895,'VA103603',56),(161,3895,'VRTVD3997',54),(162,3895,'VRTVD3998',54),(163,3895,'VA104019',56),(164,3895,'VA104020',56),(165,3895,'VA104021',56),(166,3895,'VA104022',56),(167,3895,'VA104536',56),(168,3895,'VA104538',56),(169,3895,'VA104539',56),(170,3895,'VD103580',54),(171,3895,'VD103599',54),(172,3895,'VD103600',54),(173,4229,'VRTVD7441',60),(174,4229,'VRTVD7494',60),(175,4229,'VRTVD7507',60),(176,4229,'VRTVD7508',60),(177,4229,'VRTVD7510',60),(178,4229,'VRTVD7628',60),(179,4229,'VRTVD7639',60),(180,4229,'VRTVW7425',61),(181,4229,'VRTVW7427',61),(182,4229,'VRTVW7428',61),(183,4229,'VRTVW7429',61),(184,4229,'VRTVW7471',61),(185,4229,'VRTVW7472',61),(186,4229,'VRTVW7474',61),(187,4229,'VRTVW7493',61),(188,4229,'VRTVW7624',61),(189,4229,'VRTVW7625',61),(190,4229,'VRTVW7627',61),(191,4229,'VRTVW7629',61),(192,4229,'VRTVW8777',61),(193,4229,'VRTVW8778',61),(194,4229,'VRTVW9007',61),(195,4229,'VRTVW9025',61),(196,4229,'VRTVW9626',61),(197,4229,'CTCDC6627',61),(198,4229,'VRTVA25091',62),(199,4229,'VRTVA25092',62),(200,4229,'VRTVA25093',62),(201,4229,'VRTVA22756',62),(202,4229,'VRTVW22783',61),(203,4229,'VRTVW22787',61),(204,4229,'VRTVW22790',61),(205,4699,'VA000118',66),(206,4699,'VA000119',66),(207,4699,'VA000179',66),(208,4699,'VA000180',66),(209,4699,'VA000244',66),(210,4699,'VD000122',65),(211,4699,'VD000124',64),(212,4699,'VD000227',64),(213,4699,'VD000256',64),(214,4699,'VD000526',64),(215,4699,'VD000527',64),(216,4699,'VD000685',64),(217,4699,'VD000787',64),(218,4699,'VD000788',64),(219,4699,'VRTVA8612',66),(220,4699,'VRTVA8613',66),(221,4699,'VRTVW8605',65),(222,4699,'VRTVW8608',65),(223,4699,'VRTVW8609',65),(224,4699,'VRTVW8611',65),(225,4699,'VRTVD8616',64),(226,4699,'VRTVD8617',64),(227,4699,'VRTVD8619',64),(228,4699,'VW000179',65),(229,4699,'VW000180',65),(230,4699,'VW000181',65),(231,4699,'VW000182',65),(232,4699,'VW000183',65),(233,4699,'VW000504',65),(234,4699,'VW000623',65),(235,4699,'VW000624',65),(236,4699,'VW000615',65),(237,4699,'VW000616',65);
/*!40000 ALTER TABLE `MD_SERVER` ENABLE KEYS */;
UNLOCK TABLES;

--
-- Dumping data for table `MD_WEBSITEPULSE`
--

LOCK TABLES `MD_WEBSITEPULSE` WRITE;
/*!40000 ALTER TABLE `MD_WEBSITEPULSE` DISABLE KEYS */;
INSERT INTO `MD_WEBSITEPULSE` VALUES (1,'1964','1964-mySched-CV-SVC-PRD-HTTPSPerf','Chicago, IL'),(2,'1964','1964-mySched-CV-SVC-PRD-HTTPSPerf','Munich, Germany'),(3,'1964','1964-mySched-CV-SVC-PRD-HTTPSPerf','London, UK'),(4,'1964','1964-mySched-CV-SVC-PRD-HTTPSPerf','Singapore'),(5,'1964','1964-mySched-CV-SVC-PRD-HTTPSPerf','Amsterdam, Netherlands'),(6,'1964','1964-mySched-CV-SVC-PRD-HTTPSPerf','Melbourne, Australia'),(7,'1964','1964-mySched-CV-SVC-PRD-HTTPSPerf','Shanghai, China'),(8,'1964','1964-MySched-Main-Prod-HTTPSPerf','Chicago, IL'),(9,'1964','1964-MySched-Main-Prod-HTTPSPerf','Dusseldorf, Germany'),(10,'1964','1964-MySched-Main-Prod-HTTPSPerf','London, UK'),(11,'1964','1964-MySched-Main-Prod-HTTPSPerf','Singapore'),(12,'1964','1964-MySched-Main-Prod-HTTPSPerf','Amsterdam, Netherlands'),(13,'1964','1964-MySched-Main-Prod-HTTPSPerf','Sydney, Australia'),(14,'1964','1964-MySched-Main-Prod-HTTPSPerf','Shanghai, China'),(15,'1964','1964-mySched-Role-SVC-PRD-HTTPSPerf','Chicago, IL'),(16,'1964','1964-mySched-Role-SVC-PRD-HTTPSPerf','Munich, Germany'),(17,'1964','1964-mySched-Role-SVC-PRD-HTTPSPerf','London, UK'),(18,'1964','1964-mySched-Role-SVC-PRD-HTTPSPerf','Singapore'),(19,'1964','1964-mySched-Role-SVC-PRD-HTTPSPerf','Amsterdam, Netherlands'),(20,'1964','1964-mySched-Role-SVC-PRD-HTTPSPerf','Melbourne, Australia'),(21,'1964','1964-mySched-Role-SVC-PRD-HTTPSPerf','Shanghai, China'),(22,'2109','2109AbacusPRD-PerfTrans','St. Louis, MO'),(23,'2109','2109_AbacusDSM_PDC','St. Louis, MO'),(24,'2277','2277-SAP-BWAccesses-Prod-FullPageTrans','Chicago, IL'),(25,'2277','2277-SAP-LogIn-Prod-FullPageTrans','Chicago, IL'),(26,'2277','2277-SAP-R3-Prod-FullPageTrans','Chicago, IL'),(27,'2700','2700-myApprovals-Prod-FrontEnd','St. Louis, MO'),(28,'2700','2700-MyReceipts-Prod-FrontEnd','St. Louis, MO'),(29,'2700','2700-MyTe-PRD-MyTE.acn-AmexExpenses','Chicago, IL'),(30,'2700','2700-MyTe-PRD-MyTE.acn-ApprovePayload','St. Louis, MO'),(31,'2700','2700-MyTe-PRD-MyTE.acn-ConfigurationUserNotificati','St. Louis, MO'),(32,'2700','2700-MyTe-PRD-MyTE.acn-ExpenseDetails','St. Louis, MO'),(33,'2700','2700-MyTe-PRD-MyTE.acn-GetExchangeRate','St. Louis, MO'),(34,'2700','2700-MyTe-PRD-MyTE.acn-GetExpenses','St. Louis, MO'),(35,'2700','2700-MyTe-PRD-MyTE.acn-GetExpensesMetadata','St. Louis, MO'),(36,'2700','2700-MyTe-PRD-MyTE.acn-GetExpenseTypes','St. Louis, MO'),(37,'2700','2700-MyTe-PRD-MyTE.acn-GetProjects','St. Louis, MO'),(38,'2700','2700-MyTe-PRD-MyTE.acn-GetUserRole','Chicago, IL'),(39,'2700','2700-MyTe-PRD-MyTE.acn-HistoricalExpenses','St. Louis, MO'),(40,'2700','2700-MyTe-PRD-MyTE.acn-LocationByDayUpdater','Chicago, IL'),(41,'2700','2700-MyTe-PRD-MyTE.acn-MassTimeAdjustmentsGenerato','St. Louis, MO'),(42,'2700','2700-MyTe-PRD-MyTE.acn-PayableExpenseMetadata','St. Louis, MO'),(43,'2700','2700-MyTe-PRD-MyTE.acn-PeopleData','St. Louis, MO'),(44,'2700','2700-MyTe-PRD-MyTE.acn-PeoplePicker','St. Louis, MO'),(45,'2700','2700-MyTe-PRD-MyTE.acn-ProjectAuthorizationListUpd','Chicago, IL'),(46,'2700','2700-MyTe-PRD-MyTE.acn-RecalculateExpense','Chicago, IL'),(47,'2700','2700-MyTe-PRD-MyTE.acn-ReceiptLink','St. Louis, MO'),(48,'2700','2700-MyTe-PRD-MyTE.acn-RejectionData','St. Louis, MO'),(49,'2700','2700-MyTe-PRD-MyTE.acn-RejectPayload','St. Louis, MO'),(50,'2700','2700-MyTe-PRD-MyTE.acn-RouteExpense','St. Louis, MO'),(51,'2700','2700-MyTe-PRD-MyTE.acn-SaveExpenses','St. Louis, MO'),(52,'2700','2700-MyTe-PRD-MyTE.acn-Time','Chicago, IL'),(53,'2700','2700-MyTe-PRD-MyTE.acn-TimeReportGenerator','St. Louis, MO'),(54,'2700','2700-myTE-Prod-FrontEnd','Chicago, IL'),(55,'2700','2700-myTE-Prod-FrontEnd','Paris, France'),(56,'2700','2700-myTE-Prod-FrontEnd','Sydney, Australia'),(57,'2700','2700-myTE-Prod-FrontEnd','Sao Paulo, Brazil'),(58,'2700','2700-myTE-Prod-FrontEnd','London, UK'),(59,'2700','2700-myTE-Prod-FrontEnd','Johannesburg, South Africa'),(60,'2700','2700-myTE-Prod-FrontEnd','Singapore'),(61,'2700','2700-myTE-Prod-FrontEnd','Bangalore, India'),(62,'2700','2700-myTE-Prod-FrontEnd','Beijing, China'),(63,'2700','2700-myTE-Prod-FrontEnd','Amsterdam, Netherlands'),(64,'2700','2700-myTE-Prod-FrontEnd','Munich, Germany'),(65,'3414','3414-UDS-IDM-Login-Prod-PerfTrans','Chicago, IL'),(66,'3414','3414_UDS_Service_Production_Full_Request','Buenos Aires, Argentina'),(67,'3560','3560-Accenture Response-CTC-Prod-ACN ','Chicago, IL'),(68,'3560','3560-Accenture Response-CTC-Prod-AVA ','Chicago, IL'),(69,'3895','3895_ AWS_Prod_CTM_SelfService PerfTrans','Chicago, IL'),(70,'3895','3895_ AWS_Prod_CTM_SelfService PerfTrans','Buenos Aires, Argentina'),(71,'3895','3895_ AWS_Prod_CTM_SelfService PerfTrans','Singapore'),(72,'3895','3895_AWS_LowerProd_CTM_SelfService','Miami, FL'),(73,'3895','3895_AWS_LowerProd_CTM_SelfService','Chicago, IL'),(74,'3895','3895_AWS_LowerProd_CTM_SelfService','Munich, Germany'),(75,'3895','3895_AWS_LowerProd_CTM_SelfService','Mumbai, India'),(76,'4229','4229-Next Gen-DotCom-LogOnModal-STG-HTTPSPerf','St. Louis, MO'),(77,'4229','4229-Next Gen-DotCom-MeetOurPeople-Prod-HTTPPerf','Trumbull, CT'),(78,'4229','4229-Next Gen-DotCom-MeetOurPeople-Prod-HTTPPerf','Sydney, Australia'),(79,'4229','4229-Next Gen-DotCom-MeetOurPeople-Prod-HTTPPerf','Stockholm, Sweden'),(80,'4229','4229-NextGen-Analytics-PRD-HTTPPerf','Chicago, IL'),(81,'4229','4229-NextGen-Analytics-PRD-HTTPPerf','St. Louis, MO'),(82,'4229','4229-NextGen-countonboarding-Prod-PerfTrans','St. Louis, MO'),(83,'4229','4229-NextGen-countonboarding-Prod-PerfTrans','New York, NY'),(84,'4229','4229-NextGen-Limelight-PRD-HTTPPerf','Chicago, IL'),(85,'4229','4229-NextGen-Limelight-PRD-HTTPPerf','St. Louis, MO'),(86,'4229','4229-NextGen-ThirdParty-PRD-HTTPPerf','Chicago, IL'),(87,'4229','4229-NextGen-ThirdParty-PRD-HTTPPerf','St. Louis, MO'),(88,'4229','4229-NextGenCIO-ACN-AboutACNPage-Prod','Los Angeles, CA'),(89,'4229','4229-NextGenCIO-ACN-AboutACNPage-Prod','Singapore'),(90,'4229','4229-NextGenCIO-ACN-AboutACNPage-Prod','London, UK'),(91,'4229','4229-NextGenCIO-ACN-AboutACNPage-Prod','Sydney, Australia'),(92,'4229','4229-NextGenCIO-ACN-CNEnglish-Prod','Los Angeles, CA'),(93,'4229','4229-NextGenCIO-ACN-CNEnglish-Prod','London, UK'),(94,'4229','4229-NextGenCIO-ACN-Consulting-Prod','Los Angeles, CA'),(95,'4229','4229-NextGenCIO-ACN-Consulting-Prod','Singapore'),(96,'4229','4229-NextGenCIO-ACN-Consulting-Prod','London, UK'),(97,'4229','4229-NextGenCIO-ACN-Consulting-Prod','Sydney, Australia'),(98,'4229','4229-NextGenCIO-ACN-ENHomepage-Prod','Los Angeles, CA'),(99,'4229','4229-NextGenCIO-ACN-ENHomepage-Prod','London, UK'),(100,'4229','4229-NextGenCIO-ACN-ENHomepage-Prod','Sydney, Australia'),(101,'4229','4229-NextGenCIO-ACN-ENHomepage-Prod','Singapore'),(102,'4229','4229-NextGenCIO-ACN-FranceHomepage-Prod','Los Angeles, CA'),(103,'4229','4229-NextGenCIO-ACN-FranceHomepage-Prod','Singapore'),(104,'4229','4229-NextGenCIO-ACN-FranceHomepage-Prod','London, UK'),(105,'4229','4229-NextGenCIO-ACN-FranceHomepage-Prod','Sydney, Australia'),(106,'4229','4229-NextGenCIO-ACN-Investor-Prod','St. Louis, MO'),(107,'4229','4229-NextGenCIO-ACN-Investor-Prod','Los Angeles, CA'),(108,'4229','4229-NextGenCIO-ACN-Investor-Prod','London, UK'),(109,'4229','4229-NextGenCIO-ACN-Investor-Prod','Johannesburg, South Africa'),(110,'4229','4229-NextGenCIO-ACN-Newsroom-Prod','Los Angeles, CA'),(111,'4229','4229-NextGenCIO-ACN-Newsroom-Prod','Singapore'),(112,'4229','4229-NextGenCIO-ACN-Newsroom-Prod','Johannesburg, South Africa'),(113,'4229','4229-NextGenCIO-ACN-Newsroom-Prod','London, UK'),(114,'4229','4229-NextGenCIO-ACN-StrategyIndex-Prod','Los Angeles, CA'),(115,'4229','4229-NextGenCIO-ACN-StrategyIndex-Prod','Singapore'),(116,'4229','4229-NextGenCIO-ACN-StrategyIndex-Prod','London, UK'),(117,'4229','4229-NextGenCIO-ACN-StrategyIndex-Prod','Sydney, Australia'),(118,'4229','4229-NextGenCIO-ACN-TechHomepage-Prod','Los Angeles, CA'),(119,'4229','4229-NextGenCIO-ACN-TechHomepage-Prod','Singapore'),(120,'4229','4229-NextGenCIO-ACN-TechHomepage-Prod','London, UK'),(121,'4229','4229-NextGenCIO-ACN-TechHomepage-Prod','Sydney, Australia'),(122,'4229','4229-NextGenCIO-Careers-ContactUs-Prod','Trumbull, CT'),(123,'4229','4229-NextGenCIO-Careers-ContactUs-Prod','Munich, Germany'),(124,'4229','4229-NextGenCIO-Careers-ContactUs-Prod','Hong Kong, China'),(125,'4229','4229-NextGenCIO-Careers-ContactUs-Prod','Sydney, Australia'),(126,'4229','4229-NextGenCIO-Careers-Homepage-Prod','Trumbull, CT'),(127,'4229','4229-NextGenCIO-Careers-Homepage-Prod','Munich, Germany'),(128,'4229','4229-NextGenCIO-Careers-Homepage-Prod','Hong Kong, China'),(129,'4229','4229-NextGenCIO-Careers-Homepage-Prod','Sydney, Australia'),(130,'4229','4229-NextGenCIO-Careers-SearchJobs-Prod','Trumbull, CT'),(131,'4229','4229-NextGenCIO-Careers-SearchJobs-Prod','Munich, Germany'),(132,'4229','4229-NextGenCIO-Careers-SearchJobs-Prod','Hong Kong, China'),(133,'4229','4229-NextGenCIO-Careers-SearchJobs-Prod','Sydney, Australia'),(134,'4229','4229-NextGenCIO-Careers-Workwedo-Prod','Trumbull, CT'),(135,'4229','4229-NextGenCIO-Careers-Workwedo-Prod','Munich, Germany'),(136,'4229','4229-NextGenCIO-Careers-Workwedo-Prod','Hong Kong, China'),(137,'4229','4229-NextGenCIO-Careers-Workwedo-Prod','Sydney, Australia'),(138,'4229','4229-NextGenCIO_Prod2_Live','St. Louis, MO'),(139,'4229','4229-NextGenClusterHealth-PROD-HTTPSPerf','Los Angeles, CA'),(140,'4229','4229-NextGenClusterHealth-PROD-HTTPSPerf','London, UK'),(141,'4229','4229-NextGenClusterHealth-PROD-HTTPSPerf','Sydney 2, Australia'),(142,'4229','4229-NextGenClusterHealth-PROD-HTTPSPerf','Singapore'),(143,'4699','4699-AM-EU-PROD','Bangalore, India'),(144,'4699','4699-AM-EU-PROD','London, UK'),(145,'4699','4699-AM-EU-PROD','Chicago, IL'),(146,'4699','4699-MyWizardAM-Prod','Mumbai, India'),(147,'4699','4699-MyWizardAM-Prod','Chicago, IL'),(148,'4699','4699-MyWizardAM-Prod','London, UK');
/*!40000 ALTER TABLE `MD_WEBSITEPULSE` ENABLE KEYS */;
UNLOCK TABLES;

--
-- Dumping data for table `RD_APP`
--

LOCK TABLES `RD_APP` WRITE;
/*!40000 ALTER TABLE `RD_APP` DISABLE KEYS */;
/*!40000 ALTER TABLE `RD_APP` ENABLE KEYS */;
UNLOCK TABLES;

--
-- Dumping data for table `RD_SERVER`
--

LOCK TABLES `RD_SERVER` WRITE;
/*!40000 ALTER TABLE `RD_SERVER` DISABLE KEYS */;
/*!40000 ALTER TABLE `RD_SERVER` ENABLE KEYS */;
UNLOCK TABLES;
/*!40103 SET TIME_ZONE=@OLD_TIME_ZONE */;

/*!40101 SET SQL_MODE=@OLD_SQL_MODE */;
/*!40014 SET FOREIGN_KEY_CHECKS=@OLD_FOREIGN_KEY_CHECKS */;
/*!40014 SET UNIQUE_CHECKS=@OLD_UNIQUE_CHECKS */;
/*!40101 SET CHARACTER_SET_CLIENT=@OLD_CHARACTER_SET_CLIENT */;
/*!40101 SET CHARACTER_SET_RESULTS=@OLD_CHARACTER_SET_RESULTS */;
/*!40101 SET COLLATION_CONNECTION=@OLD_COLLATION_CONNECTION */;
/*!40111 SET SQL_NOTES=@OLD_SQL_NOTES */;

-- Dump completed on 2017-09-05 18:08:31
